Floor,Room_No.,Room_Name,Room_Type_No.,Room_Type_Name,Area_m2,Volume_m3,Specific_Cooling_Demand_per_m2_W_per_m2,Specific_Cooling_Demand_per_Person_W_per_Pers,Additional_Internal_Loads_W,Total_Cooling_Load_kW,Cooling_Type,Cooling_Capacity_W,Cooling_Count,Total_Cooling_kW,Specific_Heating_Demand_per_m2_W_per_m2,Total_Heating_Load_kW,Heating_Type,Heating_Capacity_W,Heating_Count,Total_Heating_kW
EG_OKRFB,D0 01,I4.4 & Robotik,5.0,Robotik,97000.0,362930.0,50.0,0.0,0.0,0.0,"4,850",1.0,485.0,0.0,40.0,388.0,H-K-Segel,3.88,1.0,388.0
EG_OKRFB,D0 08,Smartfarming,4.0,Smart Farming,98000.0,366540.0,50.0,0.0,0.0,0.0,"4,900",1.0,490.0,0.0,40.0,392.0,H-K-Segel,3.92,1.0,392.0
EG_OKRFB,D0 14,Allg. & Gruppenleitung,2.0,Einzel-/Zweierbüros,17000.0,63930.0,50.0,0.0,0.0,0.0,850,1.0,85.0,0.0,40.0,68.0,H-K-Segel,680.0,1.0,68.0
EG_OKRFB,D0 16,Azubi,2.0,Einzel-/Zweierbüros,8000.0,31230.0,50.0,0.0,0.0,0.0,400,1.0,40.0,0.0,40.0,32.0,H-K-Segel,320.0,1.0,32.0
EG_OKRFB,D0 17,Flex-Work Area,1.0,Flex-/ Co-Work/,64000.0,240730.0,50.0,0.0,0.0,0.0,"3,200",1.0,320.0,0.0,40.0,256.0,H-K-Segel,2.56,1.0,256.0
EG_OKRFB,D0 24a/b,Post / Kopieren,2.0,Einzel-/Zweierbüros,8000.0,30480.0,50.0,0.0,0.0,0.0,400,1.0,40.0,0.0,40.0,32.0,H-K-Segel,320.0,1.0,32.0
EG_OKRFB,D0 25,Installationsschacht,18.0,Schächte,8000.0,28990.0,0.0,0.0,0.0,0.0,,0.0,0.0,0.0,0.0,0.0,,0.0,0.0,0.0
EG_OKRFB,D0 26,Etagenverteiler,13.0,Etagenverteiler,8000.0,28990.0,0.0,0.0,3.5,0.0,"3,500",1.0,350.0,0.0,0.0,0.0,,0.0,0.0,0.0
EG_OKRFB,D0 27a/b,Flur,6.0,"Verkehrsflächen, Flure",70000.0,261730.0,0.0,0.0,0.0,0.0,,0.0,0.0,0.0,0.0,0.0,,0.0,0.0,0.0
EG_OKRFB,D0 28,Technikum,3.0,Technikum,99000.0,371560.0,0.0,0.0,0.0,0.0,,0.0,0.0,0.0,40.0,396.0,E-Strahler,3.96,1.0,396.0
EG_OKRFB,Mo 06.1,WC Herren,8.0,WCs,3000.0,11910.0,0.0,0.0,0.0,0.0,,0.0,0.0,0.0,30.0,9.0,HK,150.0,1.0,15.0
EG_OKRFB,Mo0 01,Flur,17.0,Treppenhäuser/Magistrale,73000.0,273010.0,0.0,0.0,0.0,0.0,,0.0,0.0,0.0,25.0,183.0,HK,1.83,1.0,183.0
EG_OKRFB,Mo0 02,WC B,8.0,WCs,9000.0,35540.0,0.0,0.0,0.0,0.0,,0.0,0.0,0.0,30.0,27.0,HK,270.0,1.0,27.0
EG_OKRFB,Mo0 03,Aufzug,19.0,Aufzüge,9000.0,32710.0,0.0,0.0,0.0,0.0,,0.0,0.0,0.0,0.0,0.0,,0.0,0.0,0.0
EG_OKRFB,Mo0 04,WC Frauen,8.0,WCs,3000.0,12570.0,0.0,0.0,0.0,0.0,,0.0,0.0,0.0,30.0,9.0,,0.0,0.0,0.0
EG_OKRFB,Mo0 05,Putzraum,10.0,Putzmittel/ Lager,2000.0,5940.0,0.0,0.0,0.0,0.0,,0.0,0.0,0.0,15.0,3.0,,0.0,0.0,0.0
EG_OKRFB,Mo0 06,WC Herren,8.0,WCs,2000.0,6590.0,0.0,0.0,0.0,0.0,,0.0,0.0,0.0,30.0,6.0,HK,0.0,0.0,0.0
EG_OKRFB,Mw 0 01/02,Treppe/Flur,17.0,Treppenhäuser/Magistrale,41000.0,153090.0,0.0,0.0,0.0,0.0,,0.0,0.0,0.0,25.0,103.0,HK,1.03,1.0,103.0
EG_OKRFB,Mw0 03,Installationsschacht,18.0,Schächte,3000.0,11420.0,0.0,0.0,0.0,0.0,,0.0,0.0,0.0,0.0,0.0,,0.0,0.0,0.0
EG_OKRFB,Mw0 04,ELT,14.0,ELT-Schacht,3000.0,10880.0,0.0,0.0,0.0,0.0,,0.0,0.0,0.0,0.0,0.0,,0.0,0.0,0.0
OG1_OKRFB,D1 02,Co-Working,1.0,Flex-/ Co-Work/,205000.0,614590.0,50.0,0.0,0.0,0.0,"10,250",1.0,1025.0,0.0,40.0,820.0,H-K-Segel,8.2,1.0,820.0
OG1_OKRFB,D1 14,Wiss. Mitarbeiter,2.0,Einzel-/Zweierbüros,8000.0,24510.0,50.0,0.0,0.0,0.0,400,1.0,40.0,0.0,40.0,32.0,H-K-Segel,320.0,1.0,32.0
OG1_OKRFB,D1 15,Wiss. Mitarbeiter,2.0,Einzel-/Zweierbüros,8000.0,25040.0,50.0,0.0,0.0,0.0,400,1.0,40.0,0.0,40.0,32.0,H-K-Segel,320.0,1.0,32.0
OG1_OKRFB,D1 16,Wiss. Mitarbeiter,2.0,Einzel-/Zweierbüros,8000.0,24730.0,50.0,0.0,0.0,0.0,400,1.0,40.0,0.0,40.0,32.0,H-K-Segel,320.0,1.0,32.0
OG1_OKRFB,D1 17,Wiss. Mitarbeiter,2.0,Einzel-/Zweierbüros,8000.0,24730.0,50.0,0.0,0.0,0.0,400,1.0,40.0,0.0,40.0,32.0,H-K-Segel,320.0,1.0,32.0
OG1_OKRFB,D1 18,Wiss. Mitarbeiter,2.0,Einzel-/Zweierbüros,8000.0,24730.0,50.0,0.0,0.0,0.0,400,1.0,40.0,0.0,40.0,32.0,H-K-Segel,320.0,1.0,32.0
OG1_OKRFB,D1 19,Co-Working Space,1.0,Flex-/ Co-Work/,37000.0,109520.0,50.0,0.0,0.0,0.0,"1,850",1.0,185.0,0.0,40.0,148.0,H-K-Segel,1.48,1.0,148.0
OG1_OKRFB,D1 23,Allg. & Gruppenleitung,2.0,Einzel-/Zweierbüros,17000.0,50630.0,50.0,0.0,0.0,0.0,850,1.0,85.0,0.0,40.0,68.0,H-K-Segel,680.0,1.0,68.0
OG1_OKRFB,D1 25,Installationsschacht,18.0,Schächte,8000.0,23250.0,0.0,0.0,0.0,0.0,,0.0,0.0,0.0,0.0,0.0,,0.0,0.0,0.0
OG1_OKRFB,D1 26,Etagenverteiler,13.0,Etagenverteiler,8000.0,23250.0,0.0,0.0,3.5,0.0,"3,500",1.0,350.0,0.0,0.0,0.0,,0.0,0.0,0.0
OG1_OKRFB,D1 27,Flur,6.0,"Verkehrsflächen, Flure",67000.0,202360.0,0.0,0.0,0.0,0.0,,0.0,0.0,0.0,0.0,0.0,,0.0,0.0,0.0
OG1_OKRFB,Mo 1 06.1,WC Herren,8.0,WCs,3000.0,9580.0,0.0,0.0,0.0,0.0,,0.0,0.0,0.0,30.0,9.0,HK,150.0,1.0,15.0
OG1_OKRFB,Mo1 01,Flur,17.0,Treppenhäuser/Magistrale,57000.0,170660.0,0.0,0.0,0.0,0.0,,0.0,0.0,0.0,25.0,143.0,HK,1.43,1.0,143.0
OG1_OKRFB,Mo1 02,Lager,11.0,Lager innenliegend,9000.0,28450.0,0.0,0.0,0.0,0.0,,0.0,0.0,0.0,0.0,0.0,,0.0,0.0,0.0
OG1_OKRFB,Mo1 03,Aufzug,19.0,Aufzüge,9000.0,26100.0,0.0,0.0,0.0,0.0,,0.0,0.0,0.0,0.0,0.0,,0.0,0.0,0.0
OG1_OKRFB,Mo1 04,WC Damen,8.0,WCs,3000.0,10050.0,0.0,0.0,0.0,0.0,,0.0,0.0,0.0,30.0,9.0,HK,90.0,1.0,9.0
OG1_OKRFB,Mo1 05,Putzraum,10.0,Putzmittel/ Lager,2000.0,4750.0,0.0,0.0,0.0,0.0,,0.0,0.0,0.0,15.0,3.0,,0.0,0.0,0.0
OG1_OKRFB,Mo1 06,WC Herren,8.0,WCs,2000.0,5300.0,0.0,0.0,0.0,0.0,,0.0,0.0,0.0,30.0,6.0,HK,0.0,0.0,0.0
OG1_OKRFB,Mw1 01/02,Treppe/Flur,17.0,Treppenhäuser/Magistrale,41000.0,122920.0,0.0,0.0,0.0,0.0,,0.0,0.0,0.0,25.0,103.0,HK,1.03,1.0,103.0
OG1_OKRFB,Mw1 03,Installationsschacht,18.0,Schächte,3000.0,9280.0,0.0,0.0,0.0,0.0,,0.0,0.0,0.0,0.0,0.0,,0.0,0.0,0.0
OG1_OKRFB,Mw1 04,ELT,14.0,ELT-Schacht,3000.0,8750.0,0.0,0.0,0.0,0.0,,0.0,0.0,0.0,0.0,0.0,,0.0,0.0,0.0
OG2_OKRFB,D2 02,Seminar,20.0,Serminarraum,102000.0,305140.0,50.0,0.0,0.0,0.0,"5,100",1.0,510.0,0.0,40.0,408.0,H-K-Segel,4.08,1.0,408.0
OG2_OKRFB,D2 06,Flexwork,1.0,Flex-/ Co-Work/,126000.0,378750.0,50.0,0.0,0.0,0.0,"6,300",1.0,630.0,0.0,40.0,504.0,H-K-Segel,5.04,1.0,504.0
OG2_OKRFB,D2 07,Flur,6.0,"Verkehrsflächen, Flure",67000.0,202310.0,0.0,0.0,0.0,0.0,,0.0,0.0,0.0,0.0,0.0,,0.0,0.0,0.0
OG2_OKRFB,D2 14,Wiss. Mitarbeiter,2.0,Einzel-/Zweierbüros,8000.0,24510.0,50.0,0.0,0.0,0.0,400,1.0,40.0,0.0,40.0,32.0,H-K-Segel,320.0,1.0,32.0
OG2_OKRFB,D2 15,Wiss. Mitarbeiter,2.0,Einzel-/Zweierbüros,8000.0,25040.0,50.0,0.0,0.0,0.0,400,1.0,40.0,0.0,40.0,32.0,H-K-Segel,320.0,1.0,32.0
OG2_OKRFB,D2 16,Wiss. Mitarbeiter,2.0,Einzel-/Zweierbüros,8000.0,24730.0,50.0,0.0,0.0,0.0,400,1.0,40.0,0.0,40.0,32.0,H-K-Segel,320.0,1.0,32.0
OG2_OKRFB,D2 17,Wiss. Mitarbeiter,2.0,Einzel-/Zweierbüros,8000.0,25040.0,50.0,0.0,0.0,0.0,400,1.0,40.0,0.0,40.0,32.0,H-K-Segel,320.0,1.0,32.0
OG2_OKRFB,D2 18,Wiss. Mitarbeiter,2.0,Einzel-/Zweierbüros,8000.0,24730.0,50.0,0.0,0.0,0.0,400,1.0,40.0,0.0,40.0,32.0,H-K-Segel,320.0,1.0,32.0
OG2_OKRFB,D2 19,Doktorand,2.0,Einzel-/Zweierbüros,17000.0,51870.0,50.0,0.0,0.0,0.0,850,1.0,85.0,0.0,40.0,68.0,H-K-Segel,680.0,1.0,68.0
OG2_OKRFB,D2 21,Allg. & Gruppenleitung,2.0,Einzel-/Zweierbüros,17000.0,51220.0,50.0,0.0,0.0,0.0,850,1.0,85.0,0.0,40.0,68.0,H-K-Segel,680.0,1.0,68.0
OG2_OKRFB,D2 23,Wiss. Mitarbeiter,2.0,Einzel-/Zweierbüros,8000.0,25040.0,50.0,0.0,0.0,0.0,400,1.0,40.0,0.0,40.0,32.0,H-K-Segel,320.0,1.0,32.0
OG2_OKRFB,D2 24,Wiss. Mitarbeiter,2.0,Einzel-/Zweierbüros,8000.0,24450.0,50.0,0.0,0.0,0.0,400,1.0,40.0,0.0,40.0,32.0,H-K-Segel,320.0,1.0,32.0
OG2_OKRFB,D2 25,Installationsschacht,18.0,Schächte,8000.0,23250.0,0.0,0.0,0.0,0.0,,0.0,0.0,0.0,0.0,0.0,,0.0,0.0,0.0
OG2_OKRFB,D2 26,Etagenverteiler,13.0,Etagenverteiler,8000.0,23250.0,0.0,0.0,3.5,0.0,"3,500",1.0,350.0,0.0,0.0,0.0,,0.0,0.0,0.0
OG2_OKRFB,Mo2 01,Flur,17.0,Treppenhäuser/Magistrale,57000.0,170710.0,0.0,0.0,0.0,0.0,,0.0,0.0,0.0,25.0,143.0,HK,1.43,1.0,143.0
OG2_OKRFB,Mo2 02,Lager,11.0,Lager innenliegend,10000.0,28520.0,0.0,0.0,0.0,0.0,,0.0,0.0,0.0,0.0,0.0,,0.0,0.0,0.0
OG2_OKRFB,MO2 03,Aufzug,19.0,Aufzüge,9000.0,26170.0,0.0,0.0,0.0,0.0,,0.0,0.0,0.0,0.0,0.0,,0.0,0.0,0.0
OG2_OKRFB,Mo2 04,WC Damen,8.0,WCs,3000.0,10050.0,0.0,0.0,0.0,0.0,,0.0,0.0,0.0,30.0,9.0,HK,90.0,1.0,9.0
OG2_OKRFB,Mo2 05,Putzraum,10.0,Putzmittel/ Lager,2000.0,4750.0,0.0,0.0,0.0,0.0,,0.0,0.0,0.0,15.0,3.0,,0.0,0.0,0.0
OG2_OKRFB,Mo2 06,WC Herren,8.0,WCs,2000.0,5300.0,0.0,0.0,0.0,0.0,,0.0,0.0,0.0,30.0,6.0,HK,0.0,0.0,0.0
OG2_OKRFB,Mo2 06.1,WC Herren,8.0,WCs,3000.0,9580.0,0.0,0.0,0.0,0.0,,0.0,0.0,0.0,30.0,9.0,HK,150.0,1.0,15.0
OG2_OKRFB,Mw2 01/02,Treppe/Flur,17.0,Treppenhäuser/Magistrale,41000.0,122900.0,0.0,0.0,0.0,0.0,,0.0,0.0,0.0,25.0,103.0,HK,1.03,1.0,103.0
OG2_OKRFB,Mw2 03,Installationsschacht,18.0,Schächte,3000.0,9280.0,0.0,0.0,0.0,0.0,,0.0,0.0,0.0,0.0,0.0,,0.0,0.0,0.0
OG2_OKRFB,Mw2 04,ELT,14.0,ELT-Schacht,3000.0,8750.0,0.0,0.0,0.0,0.0,,0.0,0.0,0.0,0.0,0.0,,0.0,0.0,0.0
OG3_OKRFB,D3 02,Co-Working,1.0,Flex-/ Co-Work/,49000.0,146130.0,50.0,0.0,0.0,0.0,"2,450",1.0,245.0,0.0,40.0,196.0,H-K-Segel,1.96,1.0,196.0
OG3_OKRFB,D3 06,Entwicklungslabor,1.0,Flex-/ Co-Work/,64000.0,192700.0,50.0,0.0,0.0,0.0,"3,200",1.0,320.0,0.0,40.0,256.0,H-K-Segel,2.56,1.0,256.0
OG3_OKRFB,D3 09,Flex-Work,1.0,Flex-/ Co-Work/,86000.0,259480.0,50.0,0.0,0.0,0.0,"4,300",1.0,430.0,0.0,40.0,344.0,H-K-Segel,3.44,1.0,344.0
OG3_OKRFB,D3 14,Wiss. Mitarbeiter,2.0,Einzel-/Zweierbüros,8000.0,24510.0,50.0,0.0,0.0,0.0,400,1.0,40.0,0.0,40.0,32.0,H-K-Segel,320.0,1.0,32.0
OG3_OKRFB,D3 15,Wiss. Mitarbeiter,2.0,Einzel-/Zweierbüros,8000.0,25040.0,50.0,0.0,0.0,0.0,400,1.0,40.0,0.0,40.0,32.0,H-K-Segel,320.0,1.0,32.0
OG3_OKRFB,D3 16,Wiss. Mitarbeiter,2.0,Einzel-/Zweierbüros,8000.0,24730.0,50.0,0.0,0.0,0.0,400,1.0,40.0,0.0,40.0,32.0,H-K-Segel,320.0,1.0,32.0
OG3_OKRFB,D3 17,Wiss. Mitarbeiter,2.0,Einzel-/Zweierbüros,8000.0,25040.0,50.0,0.0,0.0,0.0,400,1.0,40.0,0.0,40.0,32.0,H-K-Segel,320.0,1.0,32.0
OG3_OKRFB,D3 18,Wiss. Mitarbeiter,2.0,Einzel-/Zweierbüros,8000.0,24730.0,50.0,0.0,0.0,0.0,400,1.0,40.0,0.0,40.0,32.0,H-K-Segel,320.0,1.0,32.0
OG3_OKRFB,D3 19,Doktorand,2.0,Einzel-/Zweierbüros,17000.0,51870.0,50.0,0.0,0.0,0.0,850,1.0,85.0,0.0,40.0,68.0,H-K-Segel,680.0,1.0,68.0
OG3_OKRFB,D3 21,Allg. & Gruppenleitung,2.0,Einzel-/Zweierbüros,17000.0,51220.0,50.0,0.0,0.0,0.0,850,1.0,85.0,0.0,40.0,68.0,H-K-Segel,680.0,1.0,68.0
OG3_OKRFB,D3 23,Wiss. Mitarbeiter,2.0,Einzel-/Zweierbüros,8000.0,25040.0,50.0,0.0,0.0,0.0,400,1.0,40.0,0.0,40.0,32.0,H-K-Segel,320.0,1.0,32.0
OG3_OKRFB,D3 24,Sekretariat,2.0,Einzel-/Zweierbüros,8000.0,24450.0,50.0,0.0,0.0,0.0,400,1.0,40.0,0.0,40.0,32.0,H-K-Segel,320.0,1.0,32.0
OG3_OKRFB,D3 25,Installationsschacht,18.0,Schächte,8000.0,23250.0,0.0,0.0,0.0,0.0,,0.0,0.0,0.0,0.0,0.0,,0.0,0.0,0.0
OG3_OKRFB,D3 26,Etagenverteiler,13.0,Etagenverteiler,8000.0,23250.0,0.0,0.0,3.5,0.0,"3,500",1.0,350.0,0.0,0.0,0.0,,0.0,0.0,0.0
OG3_OKRFB,D3 27,Flur,6.0,"Verkehrsflächen, Flure",67000.0,202310.0,0.0,0.0,0.0,0.0,,0.0,0.0,0.0,0.0,0.0,,0.0,0.0,0.0
OG3_OKRFB,Mo3 01,Flur,17.0,Treppenhäuser/Magistrale,57000.0,170760.0,0.0,0.0,0.0,0.0,,0.0,0.0,0.0,25.0,143.0,HK,1.43,1.0,143.0
OG3_OKRFB,Mo3 02,Diele,21.0,Diele,10000.0,28600.0,0.0,0.0,0.0,0.0,,0.0,0.0,0.0,40.0,40.0,HK,400.0,1.0,40.0
OG3_OKRFB,Mo3 03,Aufzug,19.0,Aufzüge,9000.0,26160.0,0.0,0.0,0.0,0.0,,0.0,0.0,0.0,0.0,0.0,,0.0,0.0,0.0
OG3_OKRFB,Mo3 04,WC Frauen,8.0,WCs,3000.0,10050.0,0.0,0.0,0.0,0.0,,0.0,0.0,0.0,30.0,9.0,,0.0,0.0,0.0
OG3_OKRFB,Mo3 05,Putzraum,10.0,Putzmittel/ Lager,2000.0,4750.0,0.0,0.0,0.0,0.0,,0.0,0.0,0.0,15.0,3.0,,0.0,0.0,0.0
OG3_OKRFB,Mo3 06,WC Herren,8.0,WCs,2000.0,5300.0,0.0,0.0,0.0,0.0,,0.0,0.0,0.0,30.0,6.0,HK,0.0,0.0,0.0
OG3_OKRFB,MO3 06.1,WC Herren,8.0,WCs,3000.0,9580.0,0.0,0.0,0.0,0.0,,0.0,0.0,0.0,30.0,9.0,HK,150.0,1.0,15.0
OG3_OKRFB,Mw3 01/02,Treppe/Flur,17.0,Treppenhäuser/Magistrale,41000.0,122900.0,0.0,0.0,0.0,0.0,,0.0,0.0,0.0,25.0,103.0,HK,1.03,1.0,103.0
OG3_OKRFB,Mw3 03,Installationsschacht,18.0,Schächte,3000.0,9280.0,0.0,0.0,0.0,0.0,,0.0,0.0,0.0,0.0,0.0,,0.0,0.0,0.0
OG3_OKRFB,Mw3 04,ELT,14.0,ELT-Schacht,3000.0,8750.0,0.0,0.0,0.0,0.0,,0.0,0.0,0.0,0.0,0.0,,0.0,0.0,0.0
OG4_OKRFB,D4 01/04/10,Social-Area/Flex-Work/Co-Work,1.0,Flex-/ Co-Work/,176000.0,527690.0,50.0,0.0,0.0,0.0,"8,800",1.0,880.0,0.0,40.0,704.0,H-K-Segel,7.04,1.0,704.0
OG4_OKRFB,D4 07,Flur,6.0,"Verkehrsflächen, Flure",67000.0,202310.0,0.0,0.0,0.0,0.0,,0.0,0.0,0.0,0.0,0.0,,0.0,0.0,0.0
OG4_OKRFB,D4 14,Wiss.Mitarbeiter,2.0,Einzel-/Zweierbüros,9000.0,25990.0,50.0,0.0,0.0,0.0,450,1.0,45.0,0.0,40.0,36.0,H-K-Segel,360.0,1.0,36.0
OG4_OKRFB,D4 15,Wiss.Mitarbeiter,2.0,Einzel-/Zweierbüros,9000.0,26550.0,50.0,0.0,0.0,0.0,450,1.0,45.0,0.0,40.0,36.0,H-K-Segel,360.0,1.0,36.0
OG4_OKRFB,D4 16,Wiss.Mitarbeiter,2.0,Einzel-/Zweierbüros,9000.0,26240.0,50.0,0.0,0.0,0.0,450,1.0,45.0,0.0,40.0,36.0,H-K-Segel,360.0,1.0,36.0
OG4_OKRFB,D4 17,Wiss.Mitarbeiter,2.0,Einzel-/Zweierbüros,9000.0,26550.0,50.0,0.0,0.0,0.0,450,1.0,45.0,0.0,40.0,36.0,H-K-Segel,360.0,1.0,36.0
OG4_OKRFB,D4 18,Wiss.Mitarbeiter,2.0,Einzel-/Zweierbüros,9000.0,26240.0,50.0,0.0,0.0,0.0,450,1.0,45.0,0.0,40.0,36.0,H-K-Segel,360.0,1.0,36.0
OG4_OKRFB,D4 19,Wiss.Mitarbeiter,2.0,Einzel-/Zweierbüros,9000.0,26550.0,50.0,0.0,0.0,0.0,450,1.0,45.0,0.0,40.0,36.0,H-K-Segel,360.0,1.0,36.0
OG4_OKRFB,D4 20,Wiss.Mitarbeiter,2.0,Einzel-/Zweierbüros,9000.0,26550.0,50.0,0.0,0.0,0.0,450,1.0,45.0,0.0,40.0,36.0,H-K-Segel,360.0,1.0,36.0
OG4_OKRFB,D4 21,Allg. & Gruppenleitung,2.0,Einzel-/Zweierbüros,18000.0,54350.0,50.0,0.0,0.0,0.0,900,1.0,90.0,0.0,40.0,72.0,H-K-Segel,720.0,1.0,72.0
OG4_OKRFB,D4 23,Wiss.Mitarbeiter,2.0,Einzel-/Zweierbüros,9000.0,26550.0,50.0,0.0,0.0,0.0,450,1.0,45.0,0.0,40.0,36.0,H-K-Segel,360.0,1.0,36.0
OG4_OKRFB,D4 24,Techniker,2.0,Einzel-/Zweierbüros,9000.0,25920.0,50.0,0.0,0.0,0.0,450,1.0,45.0,0.0,40.0,36.0,H-K-Segel,360.0,1.0,36.0
OG4_OKRFB,D4 25,Installationsschacht,18.0,Schächte,8000.0,23240.0,0.0,0.0,0.0,0.0,,0.0,0.0,0.0,0.0,0.0,,0.0,0.0,0.0
OG4_OKRFB,D4 26,Etagenverteiler,13.0,Etagenverteiler,8000.0,23240.0,0.0,0.0,3.5,0.0,"3,500",1.0,350.0,0.0,0.0,0.0,,0.0,0.0,0.0
OG4_OKRFB,Mo4 01,Flur,17.0,Treppenhäuser/Magistrale,57000.0,172350.0,0.0,0.0,0.0,0.0,,0.0,0.0,0.0,25.0,143.0,HK,1.43,1.0,143.0
OG4_OKRFB,Mo4 02,Putzmittel / Lager,10.0,Putzmittel/ Lager,10000.0,28520.0,0.0,0.0,0.0,0.0,,0.0,0.0,0.0,15.0,15.0,,0.0,0.0,0.0
OG4_OKRFB,MO4 03,Aufzug,19.0,Aufzüge,9000.0,26170.0,0.0,0.0,0.0,0.0,,0.0,0.0,0.0,0.0,0.0,,0.0,0.0,0.0
OG4_OKRFB,Mo4 04,WC Frauen,8.0,WCs,3000.0,10050.0,0.0,0.0,0.0,0.0,,0.0,0.0,0.0,30.0,9.0,,0.0,0.0,0.0
OG4_OKRFB,MO4 05,Putzraum,10.0,Putzmittel/ Lager,2000.0,4750.0,0.0,0.0,0.0,0.0,,0.0,0.0,0.0,15.0,3.0,,0.0,0.0,0.0
OG4_OKRFB,Mo4 06,WC Herren,8.0,WCs,2000.0,5300.0,0.0,0.0,0.0,0.0,,0.0,0.0,0.0,30.0,6.0,HK,0.0,0.0,0.0
OG4_OKRFB,MO4 06.1,WC Herren,8.0,WCs,3000.0,9580.0,0.0,0.0,0.0,0.0,,0.0,0.0,0.0,30.0,9.0,HK,150.0,1.0,15.0
OG4_OKRFB,Mw4 01/02,Treppe/Flur,17.0,Treppenhäuser/Magistrale,41000.0,122920.0,0.0,0.0,0.0,0.0,,0.0,0.0,0.0,25.0,103.0,HK,1.03,1.0,103.0
OG4_OKRFB,Mw4 03,Installationsschacht,18.0,Schächte,3000.0,9280.0,0.0,0.0,0.0,0.0,,0.0,0.0,0.0,0.0,0.0,,0.0,0.0,0.0
OG4_OKRFB,Mw4 04,ELT,14.0,ELT-Schacht,3000.0,8750.0,0.0,0.0,0.0,0.0,,0.0,0.0,0.0,0.0,0.0,,0.0,0.0,0.0
OG5_OKRFB,D5 01a/b/c,Post/Teeküche/Kopierer,1.0,Flex-/ Co-Work/,15000.0,43700.0,50.0,0.0,0.0,0.0,750,1.0,75.0,0.0,40.0,60.0,H-K-Segel,600.0,1.0,60.0
OG5_OKRFB,D5 02,Seminarraum,20.0,Serminarraum,61000.0,182090.0,50.0,0.0,0.0,0.0,"3,050",1.0,305.0,0.0,40.0,244.0,H-K-Segel,2.44,1.0,244.0
OG5_OKRFB,D5 06,Seminarraum,20.0,Serminarraum,61000.0,182090.0,50.0,0.0,0.0,0.0,"3,050",1.0,305.0,0.0,40.0,244.0,H-K-Segel,2.44,1.0,244.0
OG5_OKRFB,D5 10,Seminarraum,20.0,Serminarraum,60000.0,180660.0,50.0,0.0,0.0,0.0,"3,000",1.0,300.0,0.0,40.0,240.0,H-K-Segel,2.4,1.0,240.0
OG5_OKRFB,D5 17,Wiss. Mitarbeiter,2.0,Einzel-/Zweierbüros,9000.0,26240.0,50.0,0.0,0.0,0.0,450,1.0,45.0,0.0,40.0,36.0,H-K-Segel,360.0,1.0,36.0
OG5_OKRFB,D5 18,Wiss. Mitarbeiter,2.0,Einzel-/Zweierbüros,9000.0,26240.0,50.0,0.0,0.0,0.0,450,1.0,45.0,0.0,40.0,36.0,H-K-Segel,360.0,1.0,36.0
OG5_OKRFB,D5 19,Wiss. Mitarbeiter,2.0,Einzel-/Zweierbüros,9000.0,26550.0,50.0,0.0,0.0,0.0,450,1.0,45.0,0.0,40.0,36.0,H-K-Segel,360.0,1.0,36.0
OG5_OKRFB,D5 20,Wiss. Mitarbeiter,2.0,Einzel-/Zweierbüros,9000.0,26550.0,50.0,0.0,0.0,0.0,450,1.0,45.0,0.0,40.0,36.0,H-K-Segel,360.0,1.0,36.0
OG5_OKRFB,D5 21,Allg. & Gruppenleitung,2.0,Einzel-/Zweierbüros,18000.0,54350.0,50.0,0.0,0.0,0.0,900,1.0,90.0,0.0,40.0,72.0,H-K-Segel,720.0,1.0,72.0
OG5_OKRFB,D5 23,Wiss. Mitarbeiter,2.0,Einzel-/Zweierbüros,9000.0,26550.0,50.0,0.0,0.0,0.0,450,1.0,45.0,0.0,40.0,36.0,H-K-Segel,360.0,1.0,36.0
OG5_OKRFB,D5 24,Techniker,2.0,Einzel-/Zweierbüros,9000.0,25920.0,50.0,0.0,0.0,0.0,450,1.0,45.0,0.0,40.0,36.0,H-K-Segel,360.0,1.0,36.0
OG5_OKRFB,D5 25,Installationsschacht,18.0,Schächte,8000.0,23240.0,0.0,0.0,0.0,0.0,,0.0,0.0,0.0,0.0,0.0,,0.0,0.0,0.0
OG5_OKRFB,D5 26,Etagenverteiler,13.0,Etagenverteiler,8000.0,23240.0,0.0,0.0,3.5,0.0,"3,500",1.0,350.0,0.0,0.0,0.0,,0.0,0.0,0.0
OG5_OKRFB,D5 27,Flur,6.0,"Verkehrsflächen, Flure",70000.0,210400.0,0.0,0.0,0.0,0.0,,0.0,0.0,0.0,0.0,0.0,,0.0,0.0,0.0
OG5_OKRFB,DU5 14,Co-Working,1.0,Flex-/ Co-Work/,29000.0,85840.0,50.0,0.0,0.0,0.0,"1,450",1.0,145.0,0.0,40.0,116.0,H-K-Segel,1.16,1.0,116.0
OG5_OKRFB,Mo5 01,Flur,17.0,Treppenhäuser/Magistrale,57000.0,172370.0,0.0,0.0,0.0,0.0,,0.0,0.0,0.0,25.0,143.0,HK,1.43,1.0,143.0
OG5_OKRFB,Mo5 02,Lager,11.0,Lager innenliegend,10000.0,28520.0,0.0,0.0,0.0,0.0,,0.0,0.0,0.0,0.0,0.0,,0.0,0.0,0.0
OG5_OKRFB,Mo5 03,Aufzug,19.0,Aufzüge,9000.0,26170.0,0.0,0.0,0.0,0.0,,0.0,0.0,0.0,0.0,0.0,,0.0,0.0,0.0
OG5_OKRFB,Mo5 04,WC Frauen,8.0,WCs,3000.0,10050.0,0.0,0.0,0.0,0.0,,0.0,0.0,0.0,30.0,9.0,,0.0,0.0,0.0
OG5_OKRFB,Mo5 05,Putzraum,10.0,Putzmittel/ Lager,2000.0,4750.0,0.0,0.0,0.0,0.0,,0.0,0.0,0.0,15.0,3.0,,0.0,0.0,0.0
OG5_OKRFB,Mo5 06,WC Herren,8.0,WCs,2000.0,5300.0,0.0,0.0,0.0,0.0,,0.0,0.0,0.0,30.0,6.0,HK,0.0,0.0,0.0
OG5_OKRFB,Mo5 06.1,WC Herren,8.0,WCs,3000.0,9580.0,0.0,0.0,0.0,0.0,,0.0,0.0,0.0,30.0,9.0,HK,150.0,1.0,15.0
OG5_OKRFB,Mw5 01/02,Treppe/Flur,17.0,Treppenhäuser/Magistrale,41000.0,122950.0,0.0,0.0,0.0,0.0,,0.0,0.0,0.0,25.0,103.0,HK,1.03,1.0,103.0
OG5_OKRFB,Mw5 03,Installationsschacht,18.0,Schächte,3000.0,9260.0,0.0,0.0,0.0,0.0,,0.0,0.0,0.0,0.0,0.0,,0.0,0.0,0.0
OG5_OKRFB,Mw5 04,ELT,14.0,ELT-Schacht,3000.0,8750.0,0.0,0.0,0.0,0.0,,0.0,0.0,0.0,0.0,0.0,,0.0,0.0,0.0
U1_OKRFB,01,Einbringöffnung,18.0,Schächte,15000.0,57770.0,0.0,0.0,0.0,0.0,,0.0,0.0,0.0,0.0,0.0,,0.0,0.0,0.0
U1_OKRFB,DMoU 01,Flur,17.0,Treppenhäuser/Magistrale,51000.0,188880.0,0.0,0.0,0.0,0.0,,0.0,0.0,0.0,25.0,128.0,HK,1.28,1.0,128.0
U1_OKRFB,DMoU 02,Lager,11.0,Lager innenliegend,9000.0,34450.0,0.0,0.0,0.0,0.0,,0.0,0.0,0.0,0.0,0.0,,0.0,0.0,0.0
U1_OKRFB,DMoU 03,Aufzug,19.0,Aufzüge,9000.0,32100.0,0.0,0.0,0.0,0.0,,0.0,0.0,0.0,0.0,0.0,,0.0,0.0,0.0
U1_OKRFB,DMoU 04,Datenraum Allgemein,9.0,ELT-Zentrale,20000.0,72410.0,0.0,0.0,5.0,0.0,"5,000",1.0,500.0,0.0,0.0,0.0,,0.0,0.0,0.0
U1_OKRFB,DMwU 01,Treppe,17.0,Treppenhäuser/Magistrale,22000.0,81660.0,0.0,0.0,0.0,0.0,,0.0,0.0,0.0,25.0,55.0,HK,550.0,1.0,55.0
U1_OKRFB,DMwU 03,SAN Zentrale,12.0,TGA-Zentrale,13000.0,47950.0,0.0,0.0,0.0,0.0,,0.0,0.0,0.0,0.0,0.0,,0.0,0.0,0.0
U1_OKRFB,DU 01,RLHK Zentrale,12.0,TGA-Zentrale,146000.0,609740.0,0.0,0.0,0.0,0.0,,0.0,0.0,0.0,0.0,0.0,,0.0,0.0,0.0
U1_OKRFB,DU 11,Lager,11.0,Lager innenliegend,43000.0,156860.0,0.0,0.0,0.0,0.0,,0.0,0.0,0.0,0.0,0.0,,0.0,0.0,0.0
U1_OKRFB,DU 14,Lager,11.0,Lager innenliegend,42000.0,154960.0,0.0,0.0,0.0,0.0,,0.0,0.0,0.0,0.0,0.0,,0.0,0.0,0.0
U1_OKRFB,DU 19,BOS Funk / BMZ,9.0,ELT-Zentrale,10000.0,35100.0,0.0,0.0,0.0,0.0,,0.0,0.0,0.0,0.0,0.0,,0.0,0.0,0.0
U1_OKRFB,DU 20,NSHV Raum AV Netz,9.0,ELT-Zentrale,16000.0,59840.0,0.0,0.0,0.0,0.0,,0.0,0.0,0.0,0.0,0.0,,0.0,0.0,0.0
U1_OKRFB,DU 22,Batterieraum,9.0,ELT-Zentrale,11000.0,39310.0,0.0,0.0,0.0,0.0,,0.0,0.0,0.0,0.0,0.0,,0.0,0.0,0.0
U1_OKRFB,DU 23,USV Raum,9.0,ELT-Zentrale,12000.0,44930.0,0.0,0.0,6.0,0.0,"6,000",1.0,600.0,0.0,0.0,0.0,,0.0,0.0,0.0
U1_OKRFB,DU 25,Fortluft,18.0,Schächte,8000.0,28080.0,0.0,0.0,0.0,0.0,,0.0,0.0,0.0,0.0,0.0,,0.0,0.0,0.0
U1_OKRFB,DU 27,Flur,6.0,"Verkehrsflächen, Flure",76000.0,279490.0,0.0,0.0,0.0,0.0,,0.0,0.0,0.0,0.0,0.0,,0.0,0.0,0.0
