ID,,,SC_Raum_Höhe,,,,,,,,,,,,,,BKW_MEP_KLT_spez. Kältebedarf,BKW_MEP_KLT_spez. Kältebedarf pro Person,BKW_MEP_KLT_zus. innere Lasten,BKW_MEP_KLT_Kühllastberechnung extern,,BKW_MEP_KLT_Kühllast Gesamt,BKW_MEP_KLT_Kühlung Typ (1),BKW_MEP_KLT_Kühlung Leistung (1),BKW_MEP_KLT_Kühlung Anzahl (1),,BKW_MEP_KLT_Kühlung Typ (2),BKW_MEP_KLT_Kühlung Leistung (2),BKW_MEP_KLT_Kühlung Anzahl (2),,,BKW_MEP_KLT_Kühlung Typ (3),BKW_MEP_KLT_Kühlung Leistung (3),BKW_MEP_KLT_Kühlung Anzahl (3),,,BKW_MEP_KLT_Kühlung Summe ,BKW_MEP_KLT_Kühlbedarf Typ (1),BKW_MEP_KLT_Kühlbedarf Leistung (1),BKW_MEP_KLT_Kühlbedarf Anzahl (1),BKW_MEP_KLT_Kühlbedarf GLZ (1),,BKW_MEP_KLT_Kühlbedarf Typ (2),BKW_MEP_KLT_Kühlbedarf Leistung (2),BKW_MEP_KLT_Kühlbedarf Anzahl (2),BKW_MEP_KLT_Kühlbedarf GLZ (2),,,BKW_MEP_KLT_Kühlbedarf Typ (3),BKW_MEP_KLT_Kühlbedarf Leistung (3),BKW_MEP_KLT_Kühlbedarf Anzahl (3),BKW_MEP_KLT_Kühlbedarf GLZ (3),,,BKW_MEP_KLT_Kühlbedarf Summe,BKW_MEP_KLT_Summe Kühlung/Kühlbedarf,BKW_MEP_KLT_Kühlung Schachtzuordnung,BKW_MEP_KLT_Kühlbedarf Schachtzuordnung,BKW_MEP_KLT_Kühlung Kommentar,BKW_MEP_KLT_Kühlbedarf Kommentar,BKW_MEP_KLT_Kommentar,,BKW_MEP_HZG_spez. Wärmebedarf,BKW_MEP_HZG_Heizlastberechnung extern,,BKW_MEP_HZG_Heizlast Gesamt,BKW_MEP_HZG_Typ (1),BKW_MEP_HZG_Leistung (1),BKW_MEP_HZG_Anzahl (1),,BKW_MEP_HZG_Typ (2),BKW_MEP_HZG_Leistung (2),BKW_MEP_HZG_Anzahl (2),,,BKW_MEP_HZG_Typ (3),BKW_MEP_HZG_Leistung (3),BKW_MEP_HZG_Anzahl (3),,,BKW_MEP_HZG_Summe,BKW_MEP_HZG_Schachtzuordnung,BKW_MEP_HZG_Kommentar,,,,,,,,,,,,,,,,,,,,,,,,,,,,,,,,,,,,,,,,,,,,,,,,,,,,,,,,,,,,,,,,,,,,,,,,,,,,,,,,,,,,,,,,,,,,,,,,,,,,,,,,,,,,,,,,,,,,,,,,,,,,,,,,,,,,,,,,,,,,,,,,,,,,,,,,,,,,,,,,,,,,,,,,,,,,
,,,,,Leistungsermittlung mit Raumtypen - KLT / HZG,,,,,,,,,,,,,,,,,,,,,,,,,,,,,,,,,,,,,,,,,,,,,,,,,,,,,,,,,,,,,,,,,,,,,,,,,,,,,,,,,,,,,,,,,,,,,,,,,,,,,,,,,,,,,,,,,,,,,,,,,,,,,,,,,,,,,,,,,,,,,,,,,,,,,,,,,,,,,,,,,,,,,,,,,,,,,,,,,,,,,,,,,,,,,,,,,,,,,,,,,,,,,,,,,,,,,,,,,,,,,,,,,,,,,,,,,,,,,,,,,,,,,,,,,,
,,,,,,,,,,,,,,,,,,,,,,,,,,,,,,,,,,,,,,,,,,,,,,,,,,,,,,,,,,,,,,,,,,,,,,,,,,,,,,,,,,,,,,,,,,,,,,,,,,,,,,,,,,,,,,,,,,,,,,,,,,,,,,,,,,,,,,,,,,,,,,,,,,,,,,,,,,,,,,,,,,,,,,,,,,,,,,,,,,,,,,,,,,,,,,,,,,,,,,,,,,,,,,,,,,,,,,,,,,,,,,,,,,,,,,,,,,,,,,,,,,,,,,,,,,,,,,,
,,,,,,,,,,,,,,,,,,,,,,,,,,,,,,,,,,,,,,,,,,,,,,,,,,,,,,,,,,,,,,,,,,,,,,,,,,,,,,,,,,,,,,,,,,,,,,,,,,,,,,,,,,,,,,,,,,,,,,,,,,,,,,,,,,,,,,,,,,,,,,,,,,,,,,,,,,,,,,,,,,,,,,,,,,,,,,,,,,,,,,,,,,,,,,,,,,,,,,,,,,,,,,,,,,,,,,,,,,,,,,,,,,,,,,,,,,,,,,,,,,,,,,,,,,,,,,,
,,,,,Raumdaten,,,,,,,,,,,KLT,stat. Kälteversorgung,,,,,,,,,,,,,,,,,,,,,,,,,,,,,,,,,,,,,,,,,,,,,HZG,stat. Wärmeversorgung,,,,,,,,,,,,,,,,,,,,,,,,,,,,,,,,,,,,,,,,,,,,,,,,,,,,,,,,,,,,,,,,,,,,,,,,,,,,,,,,,,,,,,,,,,,,,,,,,,,,,,,,,,,,,,,,,,,,,,,,,,,,,,,,,,,,,,,,,,,,,,,,,,,,,,,,,,,,,,,,,,,,,,,,,,,,,,,,,,,,,,,,,,,,,,,,
,,,,,Gebäudeteil,Geschoss,"zusätzliche 
Raum-Nr.(1)","zusätzliche 
Raum-Nr.(2)",Raum-Nr.,Raum-Bezeichnung,Nummer Raumtyp,Bezeichnung Raumtyp,Fläche,Volumen,Anzahl der Personen/ Gegenstände,,"spez.
Kältebedarf
pro m²","spez. 
Kältebedarf 
pro Person","zusätzliche
innere Lasten",Leistung aus externer Kühllast-berechnung,Leistung aus Kühllast-berechnung,Gesamt Kühllast,Kühlung (1),,,,Kühlung (2),,,,,Kühlung (3),,,,,Summe inst. Kühlleistung,Kühlbedarf für Geräte oder Anschlüsse (1),,,,,Kühlbedarf für Geräte oder Anschlüsse (2),,,,,,Kühlbedarf für Geräte oder Anschlüsse (3),,,,,,"Summe Kühlbedarf
für Geräte 
und Anschlüsse","Summe
Kühlleistung
Gesamt","Schacht-zuordnung
Kühlung","Schacht-zuordnung
Kühlbedarf",Kommentar Kühlung,Kommentar Kühlbedarf,Kommentar KLT,,"spez. 
Wärmebedarf
pro m²",Leistung aus externer Heizlast-berechnung,Leistung aus Heizlast-berechnung,Gesamt Heizlast,Beheizung (1),,,,Beheizung (2),,,,,Beheizung (3),,,,,"Summe
Heizleistung
Gesamt","Schacht-zuordnung
HZG",Kommentar HZG,,,,,,,,,,,,,,,,,,,,,,,,,,,,,,,,,,,,,,,,,,,,,,,,,,,,,,,,,,,,,,,,,,,,,,,,,,,,,,,,,,,,,,,,,,,,,,,,,,,,,,,,,,,,,,,,,,,,,,,,,,,,,,,,,,,,,,,,,,,,,,,,,,,,,,,,,,,,,,,,,,,,,,,,,,,,
,,,,,,,,,,,,,,,,,,,,,,,Typ,Kühlleistung,Anzahl,Gesamt,Typ,Kühlleistung,Anzahl,Gesamt,,Typ,Kühlleistung,Anzahl,Gesamt,,,Typ,Anzahl,Leistung,GLZ,Gesamt,Typ,Anzahl,Leistung,GLZ,Gesamt,,Typ,Anzahl,Leistung,GLZ,Gesamt,,,,,,,,,,,,,,Typ,Heizleistung,Anzahl,Gesamt,Typ,Heizleistung,Anzahl,Gesamt,,Typ,Heizleistung,Anzahl,Gesamt,,,,,,,,,,,,,,,,,,,,,,,,,,,,,,,,,,,,,,,,,,,,,,,,,,,,,,,,,,,,,,,,,,,,,,,,,,,,,,,,,,,,,,,,,,,,,,,,,,,,,,,,,,,,,,,,,,,,,,,,,,,,,,,,,,,,,,,,,,,,,,,,,,,,,,,,,,,,,,,,,,,,,,,,,,,,,,,,
,,,,,,,,,,,,,m²,m³,,,W/m²,W/Pers.,W,W,W,kW,,W oder W/m²,St oder m²,kW,,W oder W/m²,St oder m²,kW,,,W oder W/m²,St oder m²,kW,,kW,,Stück,W,,kW,,Stück,W,,kW,,,Stück,W,,kW,,kW,kW,,,,,,,W/m²,W,W,kW,,W oder W/m²,St oder m²,kW,,W oder W/m²,St oder m²,kW,,,W oder W/m²,St oder m²,kW,,kW,,,,,,,,,,,,,,,,,,,,,,,,,,,,,,,,,,,,,,,,,,,,,,,,,,,,,,,,,,,,,,,,,,,,,,,,,,,,,,,,,,,,,,,,,,,,,,,,,,,,,,,,,,,,,,,,,,,,,,,,,,,,,,,,,,,,,,,,,,,,,,,,,,,,,,,,,,,,,,,,,,,,,,,,,,,,,,
,,,,,Teilergebnis/Summe,,,,,,,,"3,689","11,940",,,,,,0,0,120.55,,,,120.55,,,,0.00,,,,,0.00,,120.55,,,,,0.00,,,,,0.00,,,,,,0.00,,0.00,120.55,,,,,,,,,0,94.23,,,,93.54,,,,0.00,,,,,0.00,,0.00,,,,,,,,,,,,,,,,,,,,,,,,,,,,,,,,,,,,,,,,,,,,,,,,,,,,,,,,,,,,,,,,,,,,,,,,,,,,,,,,,,,,,,,,,,,,,,,,,,,,,,,,,,,,,,,,,,,,,,,,,,,,,,,,,,,,,,,,,,,,,,,,,,,,,,,,,,,,,,,,,,,,,,,,,,,,,,
,,,,,,,,,,,,,,,,,,,,,,,,,,,,,,,,,,,,,,,,,,,,,,,,,,,,,,,,,,,,,,,,,,,,,,,,,,,,,,,,,,,,,,,,,,,,,,,,,,,,,,,,,,,,,,,,,,,,,,,,,,,,,,,,,,,,,,,,,,,,,,,,,,,,,,,,,,,,,,,,,,,,,,,,,,,,,,,,,,,,,,,,,,,,,,,,,,,,,,,,,,,,,,,,,,,,,,,,,,,,,,,,,,,,,,,,,,,,,,,,,,,,,,,,,,,,,,,
r000001873197_00,"4,000.000","42,827.000",,,,EG_OKRFB,,,D0 01,I4.4 & Robotik,5,Robotik,97.000,362.930,0,,50,0,0,0,0,4.85,H-K-Segel,"4,850",1,4.85 ,,,0 ,0.00 ,,,,0 ,0.00 ,,4.85,,,0 ,0.00,0.00 ,,,0 ,0.00 ,0.00 ,,,,0 ,0.00 ,0.00 ,,0.00 ,4.85 ,,,,,,,40,0,0 ,3.88 ,H-K-Segel,"3,880 ",1 ,3.88 ,,,0 ,0.00 ,,,,0 ,0.00 ,,3.88 ,,,,,,,,,,,,,,,,,,,,,,,,,,,,,,,,,,,,,,,,,,,,,,,,,,,,,,,,,,,,,,,,,,,,,,,,,,,,,,,,,,,,,,,,,,,,,,,,,,,,,,,,,,,,,,,,,,,,,,,,,,,,,,,,,,,,,,,,,,,,,,,,,,,,,,,,,,,,,,,,,,,,,,,,,,,,,,
r000001866741_00,"4,000.000","42,817.000",,,,EG_OKRFB,,,D0 08,Smartfarming,4,Smart Farming,98.000,366.540,0,,50,0,0,0,0,4.90,H-K-Segel,"4,900",1,4.90 ,,,0 ,0.00 ,,,,0 ,0.00 ,,4.90,,,0 ,0.00,0.00 ,,,0 ,0.00 ,0.00 ,,,,0 ,0.00 ,0.00 ,,0.00 ,4.90 ,,,,,,,40,0,0 ,3.92 ,H-K-Segel,"3,920 ",1 ,3.92 ,,,0 ,0.00 ,,,,0 ,0.00 ,,3.92 ,,,,,,,,,,,,,,,,,,,,,,,,,,,,,,,,,,,,,,,,,,,,,,,,,,,,,,,,,,,,,,,,,,,,,,,,,,,,,,,,,,,,,,,,,,,,,,,,,,,,,,,,,,,,,,,,,,,,,,,,,,,,,,,,,,,,,,,,,,,,,,,,,,,,,,,,,,,,,,,,,,,,,,,,,,,,,,
r000001866737_00,"4,000.000","16,530.000",,,,EG_OKRFB,,,D0 14,Allg. & Gruppenleitung,2,Einzel-/Zweierbüros,17.000,63.930,0,,50,0,0,0,0,0.85,H-K-Segel,850,1,0.85 ,,,0 ,0.00 ,,,,0 ,0.00 ,,0.85,,,0 ,0.00,0.00 ,,,0 ,0.00 ,0.00 ,,,,0 ,0.00 ,0.00 ,,0.00 ,0.85 ,,,,,,,40,0,0 ,0.68 ,H-K-Segel,680 ,1 ,0.68 ,,,0 ,0.00 ,,,,0 ,0.00 ,,0.68 ,,,,,,,,,,,,,,,,,,,,,,,,,,,,,,,,,,,,,,,,,,,,,,,,,,,,,,,,,,,,,,,,,,,,,,,,,,,,,,,,,,,,,,,,,,,,,,,,,,,,,,,,,,,,,,,,,,,,,,,,,,,,,,,,,,,,,,,,,,,,,,,,,,,,,,,,,,,,,,,,,,,,,,,,,,,,,,
r000001866738_00,"4,000.000","12,130.000",,,,EG_OKRFB,,,D0 16,Azubi,2,Einzel-/Zweierbüros,8.000,31.230,0,,50,0,0,0,0,0.40,H-K-Segel,400,1,0.40 ,,,0 ,0.00 ,,,,0 ,0.00 ,,0.40,,,0 ,0.00,0.00 ,,,0 ,0.00 ,0.00 ,,,,0 ,0.00 ,0.00 ,,0.00 ,0.40 ,,,,,,,40,0,0 ,0.32 ,H-K-Segel,320 ,1 ,0.32 ,,,0 ,0.00 ,,,,0 ,0.00 ,,0.32 ,,,,,,,,,,,,,,,,,,,,,,,,,,,,,,,,,,,,,,,,,,,,,,,,,,,,,,,,,,,,,,,,,,,,,,,,,,,,,,,,,,,,,,,,,,,,,,,,,,,,,,,,,,,,,,,,,,,,,,,,,,,,,,,,,,,,,,,,,,,,,,,,,,,,,,,,,,,,,,,,,,,,,,,,,,,,,,
r000001867952_00,"4,000.000","39,430.000",,,,EG_OKRFB,,,D0 17,Flex-Work Area,1,Flex-/ Co-Work/,64.000,240.730,0,,50,0,0,0,0,3.20,H-K-Segel,"3,200",1,3.20 ,,,0 ,0.00 ,,,,0 ,0.00 ,,3.20,,,0 ,0.00,0.00 ,,,0 ,0.00 ,0.00 ,,,,0 ,0.00 ,0.00 ,,0.00 ,3.20 ,,,,,,,40,0,0 ,2.56 ,H-K-Segel,"2,560 ",1 ,2.56 ,,,0 ,0.00 ,,,,0 ,0.00 ,,2.56 ,,,,,,,,,,,,,,,,,,,,,,,,,,,,,,,,,,,,,,,,,,,,,,,,,,,,,,,,,,,,,,,,,,,,,,,,,,,,,,,,,,,,,,,,,,,,,,,,,,,,,,,,,,,,,,,,,,,,,,,,,,,,,,,,,,,,,,,,,,,,,,,,,,,,,,,,,,,,,,,,,,,,,,,,,,,,,,
r000001866736_00,"4,000.000","12,030.000",,,,EG_OKRFB,,,D0 24a/b,Post / Kopieren,2,Einzel-/Zweierbüros,8.000,30.480,0,,50,0,0,0,0,0.40,H-K-Segel,400,1,0.40 ,,,0 ,0.00 ,,,,0 ,0.00 ,,0.40,,,0 ,0.00,0.00 ,,,0 ,0.00 ,0.00 ,,,,0 ,0.00 ,0.00 ,,0.00 ,0.40 ,,,,,,,40,0,0 ,0.32 ,H-K-Segel,320 ,1 ,0.32 ,,,0 ,0.00 ,,,,0 ,0.00 ,,0.32 ,,,,,,,,,,,,,,,,,,,,,,,,,,,,,,,,,,,,,,,,,,,,,,,,,,,,,,,,,,,,,,,,,,,,,,,,,,,,,,,,,,,,,,,,,,,,,,,,,,,,,,,,,,,,,,,,,,,,,,,,,,,,,,,,,,,,,,,,,,,,,,,,,,,,,,,,,,,,,,,,,,,,,,,,,,,,,,
r000001866731_00,"4,000.000","11,730.000",,,,EG_OKRFB,,,D0 25,Installationsschacht,18,Schächte,8.000,28.990,0,,0,0,0,0,0,0.00,,,0,0.00 ,,,0 ,0.00 ,,,,0 ,0.00 ,,0.00,,,0 ,0.00,0.00 ,,,0 ,0.00 ,0.00 ,,,,0 ,0.00 ,0.00 ,,0.00 ,0.00 ,,,,,,,0,0,0 ,0.00 ,,,0 ,0.00 ,,,0 ,0.00 ,,,,0 ,0.00 ,,0.00 ,,,,,,,,,,,,,,,,,,,,,,,,,,,,,,,,,,,,,,,,,,,,,,,,,,,,,,,,,,,,,,,,,,,,,,,,,,,,,,,,,,,,,,,,,,,,,,,,,,,,,,,,,,,,,,,,,,,,,,,,,,,,,,,,,,,,,,,,,,,,,,,,,,,,,,,,,,,,,,,,,,,,,,,,,,,,,,
r000001866732_00,"4,000.000","11,730.000",,,,EG_OKRFB,,,D0 26,Etagenverteiler,13,Etagenverteiler,8.000,28.990,0,,0,0,"3,500",0,0,3.50,ULK,"3,500",1,3.50 ,,,0 ,0.00 ,,,,0 ,0.00 ,,3.50,,,0 ,0.00,0.00 ,,,0 ,0.00 ,0.00 ,,,,0 ,0.00 ,0.00 ,,0.00 ,3.50 ,,,,,,,0,0,0 ,0.00 ,,,0 ,0.00 ,,,0 ,0.00 ,,,,0 ,0.00 ,,0.00 ,,,,,,,,,,,,,,,,,,,,,,,,,,,,,,,,,,,,,,,,,,,,,,,,,,,,,,,,,,,,,,,,,,,,,,,,,,,,,,,,,,,,,,,,,,,,,,,,,,,,,,,,,,,,,,,,,,,,,,,,,,,,,,,,,,,,,,,,,,,,,,,,,,,,,,,,,,,,,,,,,,,,,,,,,,,,,,
r000001867955_00,"4,000.000","66,210.000",,,,EG_OKRFB,,,D0 27a/b,Flur,6,"Verkehrsflächen, Flure",70.000,261.730,0,,0,0,0,0,0,0.00,,,0,0.00 ,,,0 ,0.00 ,,,,0 ,0.00 ,,0.00,,,0 ,0.00,0.00 ,,,0 ,0.00 ,0.00 ,,,,0 ,0.00 ,0.00 ,,0.00 ,0.00 ,,,,,,,0,0,0 ,0.00 ,,,0 ,0.00 ,,,0 ,0.00 ,,,,0 ,0.00 ,,0.00 ,,,,,,,,,,,,,,,,,,,,,,,,,,,,,,,,,,,,,,,,,,,,,,,,,,,,,,,,,,,,,,,,,,,,,,,,,,,,,,,,,,,,,,,,,,,,,,,,,,,,,,,,,,,,,,,,,,,,,,,,,,,,,,,,,,,,,,,,,,,,,,,,,,,,,,,,,,,,,,,,,,,,,,,,,,,,,,
r000001866743_00,"4,000.000","40,670.000",,,,EG_OKRFB,,,D0 28,Technikum,3,Technikum,99.000,371.560,0,,0,0,0,0,0,0.00,,,,0.00 ,,,0 ,0.00 ,,,,0 ,0.00 ,,0.00,,,0 ,0.00,0.00 ,,,0 ,0.00 ,0.00 ,,,,0 ,0.00 ,0.00 ,,0.00 ,0.00 ,,,,,,,40,0,0 ,3.96 ,E-Strahler,"3,960 ",1 ,3.96 ,,,0 ,0.00 ,,,,0 ,0.00 ,,3.96 ,,,,,,,,,,,,,,,,,,,,,,,,,,,,,,,,,,,,,,,,,,,,,,,,,,,,,,,,,,,,,,,,,,,,,,,,,,,,,,,,,,,,,,,,,,,,,,,,,,,,,,,,,,,,,,,,,,,,,,,,,,,,,,,,,,,,,,,,,,,,,,,,,,,,,,,,,,,,,,,,,,,,,,,,,,,,,,
r000001866733_00,"4,000.000","7,130.000",,,,EG_OKRFB,,,Mo 06.1,WC Herren,8,WCs,3.000,11.910,0,,0,0,0,0,0,0.00,,,0,0.00 ,,,0 ,0.00 ,,,,0 ,0.00 ,,0.00,,,0 ,0.00,0.00 ,,,0 ,0.00 ,0.00 ,,,,0 ,0.00 ,0.00 ,,0.00 ,0.00 ,,,,,,,30,0,0 ,0.09 ,HK,150 ,1 ,0.15 ,,,0 ,0.00 ,,,,0 ,0.00 ,,0.15 ,,,,,,,,,,,,,,,,,,,,,,,,,,,,,,,,,,,,,,,,,,,,,,,,,,,,,,,,,,,,,,,,,,,,,,,,,,,,,,,,,,,,,,,,,,,,,,,,,,,,,,,,,,,,,,,,,,,,,,,,,,,,,,,,,,,,,,,,,,,,,,,,,,,,,,,,,,,,,,,,,,,,,,,,,,,,,,
r000001866742_00,"4,000.000","49,967.000",,,,EG_OKRFB,,,Mo0 01,Flur,17,Treppenhäuser/Magistrale,73.000,273.010,0,,0,0,0,0,0,0.00,,,0,0.00 ,,,0 ,0.00 ,,,,0 ,0.00 ,,0.00,,,0 ,0.00,0.00 ,,,0 ,0.00 ,0.00 ,,,,0 ,0.00 ,0.00 ,,0.00 ,0.00 ,,,,,,,25,0,0 ,1.83 ,HK,"1,830 ",1 ,1.83 ,,,0 ,0.00 ,,,,0 ,0.00 ,,1.83 ,,,,,,,,,,,,,,,,,,,,,,,,,,,,,,,,,,,,,,,,,,,,,,,,,,,,,,,,,,,,,,,,,,,,,,,,,,,,,,,,,,,,,,,,,,,,,,,,,,,,,,,,,,,,,,,,,,,,,,,,,,,,,,,,,,,,,,,,,,,,,,,,,,,,,,,,,,,,,,,,,,,,,,,,,,,,,,
r000001866740_00,"4,000.000","12,335.000",,,,EG_OKRFB,,,Mo0 02,WC B,8,WCs,9.000,35.540,0,,0,0,0,0,0,0.00,,,0,0.00 ,,,0 ,0.00 ,,,,0 ,0.00 ,,0.00,,,0 ,0.00,0.00 ,,,0 ,0.00 ,0.00 ,,,,0 ,0.00 ,0.00 ,,0.00 ,0.00 ,,,,,,,30,0,0 ,0.27 ,HK,270 ,1 ,0.27 ,,,0 ,0.00 ,,,,0 ,0.00 ,,0.27 ,,,,,,,,,,,,,,,,,,,,,,,,,,,,,,,,,,,,,,,,,,,,,,,,,,,,,,,,,,,,,,,,,,,,,,,,,,,,,,,,,,,,,,,,,,,,,,,,,,,,,,,,,,,,,,,,,,,,,,,,,,,,,,,,,,,,,,,,,,,,,,,,,,,,,,,,,,,,,,,,,,,,,,,,,,,,,,
r000001866735_00,"4,000.000","11,815.000",,,,EG_OKRFB,,,Mo0 03,Aufzug,19,Aufzüge,9.000,32.710,0,,0,0,0,0,0,0.00,,,0,0.00 ,,,0 ,0.00 ,,,,0 ,0.00 ,,0.00,,,0 ,0.00,0.00 ,,,0 ,0.00 ,0.00 ,,,,0 ,0.00 ,0.00 ,,0.00 ,0.00 ,,,,,,,0,0,0 ,0.00 ,,,0 ,0.00 ,,,0 ,0.00 ,,,,0 ,0.00 ,,0.00 ,,,,,,,,,,,,,,,,,,,,,,,,,,,,,,,,,,,,,,,,,,,,,,,,,,,,,,,,,,,,,,,,,,,,,,,,,,,,,,,,,,,,,,,,,,,,,,,,,,,,,,,,,,,,,,,,,,,,,,,,,,,,,,,,,,,,,,,,,,,,,,,,,,,,,,,,,,,,,,,,,,,,,,,,,,,,,,
r000001866729_00,"4,000.000","7,328.000",,,,EG_OKRFB,,,Mo0 04,WC Frauen,8,WCs,3.000,12.570,0,,0,0,0,0,0,0.00,,,0,0.00 ,,,0 ,0.00 ,,,,0 ,0.00 ,,0.00,,,0 ,0.00,0.00 ,,,0 ,0.00 ,0.00 ,,,,0 ,0.00 ,0.00 ,,0.00 ,0.00 ,,,,,,,30,0,0 ,0.09 ,,,0 ,0.00 ,,,0 ,0.00 ,,,,0 ,0.00 ,,0.00 ,,,,,,,,,,,,,,,,,,,,,,,,,,,,,,,,,,,,,,,,,,,,,,,,,,,,,,,,,,,,,,,,,,,,,,,,,,,,,,,,,,,,,,,,,,,,,,,,,,,,,,,,,,,,,,,,,,,,,,,,,,,,,,,,,,,,,,,,,,,,,,,,,,,,,,,,,,,,,,,,,,,,,,,,,,,,,,
r000001866728_00,"4,000.000","5,317.000",,,,EG_OKRFB,,,Mo0 05,Putzraum,10,Putzmittel/ Lager,2.000,5.940,0,,0,0,0,0,0,0.00,,,0,0.00 ,,,0 ,0.00 ,,,,0 ,0.00 ,,0.00,,,0 ,0.00,0.00 ,,,0 ,0.00 ,0.00 ,,,,0 ,0.00 ,0.00 ,,0.00 ,0.00 ,,,,,,,15,0,0 ,0.03 ,,,,0.00 ,,,0 ,0.00 ,,,,0 ,0.00 ,,0.00 ,,,,,,,,,,,,,,,,,,,,,,,,,,,,,,,,,,,,,,,,,,,,,,,,,,,,,,,,,,,,,,,,,,,,,,,,,,,,,,,,,,,,,,,,,,,,,,,,,,,,,,,,,,,,,,,,,,,,,,,,,,,,,,,,,,,,,,,,,,,,,,,,,,,,,,,,,,,,,,,,,,,,,,,,,,,,,,
r000001866734_00,"4,000.000","5,515.000",,,,EG_OKRFB,,,Mo0 06,WC Herren,8,WCs,2.000,6.590,0,,0,0,0,0,0,0.00,,,0,0.00 ,,,0 ,0.00 ,,,,0 ,0.00 ,,0.00,,,0 ,0.00,0.00 ,,,0 ,0.00 ,0.00 ,,,,0 ,0.00 ,0.00 ,,0.00 ,0.00 ,,,,,,,30,0,0 ,0.06 ,HK,,,0.00 ,,,0 ,0.00 ,,,,0 ,0.00 ,,0.00 ,,,,,,,,,,,,,,,,,,,,,,,,,,,,,,,,,,,,,,,,,,,,,,,,,,,,,,,,,,,,,,,,,,,,,,,,,,,,,,,,,,,,,,,,,,,,,,,,,,,,,,,,,,,,,,,,,,,,,,,,,,,,,,,,,,,,,,,,,,,,,,,,,,,,,,,,,,,,,,,,,,,,,,,,,,,,,,
r000001866739_00,"4,000.000","34,352.000",,,,EG_OKRFB,,,Mw 0 01/02,Treppe/Flur,17,Treppenhäuser/Magistrale,41.000,153.090,0,,0,0,0,0,0,0.00,,,0,0.00 ,,,0 ,0.00 ,,,,0 ,0.00 ,,0.00,,,0 ,0.00,0.00 ,,,0 ,0.00 ,0.00 ,,,,0 ,0.00 ,0.00 ,,0.00 ,0.00 ,,,,,,,25,0,0 ,1.03 ,HK,"1,030 ",1 ,1.03 ,,,0 ,0.00 ,,,,0 ,0.00 ,,1.03 ,,,,,,,,,,,,,,,,,,,,,,,,,,,,,,,,,,,,,,,,,,,,,,,,,,,,,,,,,,,,,,,,,,,,,,,,,,,,,,,,,,,,,,,,,,,,,,,,,,,,,,,,,,,,,,,,,,,,,,,,,,,,,,,,,,,,,,,,,,,,,,,,,,,,,,,,,,,,,,,,,,,,,,,,,,,,,,
r000001866727_00,"4,000.000","7,003.000",,,,EG_OKRFB,,,Mw0 03,Installationsschacht,18,Schächte,3.000,11.420,0,,0,0,0,0,0,0.00,,,0,0.00 ,,,0 ,0.00 ,,,,0 ,0.00 ,,0.00,,,0 ,0.00,0.00 ,,,0 ,0.00 ,0.00 ,,,,0 ,0.00 ,0.00 ,,0.00 ,0.00 ,,,,,,,0,0,0 ,0.00 ,,,0 ,0.00 ,,,0 ,0.00 ,,,,0 ,0.00 ,,0.00 ,,,,,,,,,,,,,,,,,,,,,,,,,,,,,,,,,,,,,,,,,,,,,,,,,,,,,,,,,,,,,,,,,,,,,,,,,,,,,,,,,,,,,,,,,,,,,,,,,,,,,,,,,,,,,,,,,,,,,,,,,,,,,,,,,,,,,,,,,,,,,,,,,,,,,,,,,,,,,,,,,,,,,,,,,,,,,,
r000001866730_00,"4,000.000","6,823.000",,,,EG_OKRFB,,,Mw0 04,ELT,14,ELT-Schacht,3.000,10.880,0,,0,0,0,0,0,0.00,,,0,0.00 ,,,0 ,0.00 ,,,,0 ,0.00 ,,0.00,,,0 ,0.00,0.00 ,,,0 ,0.00 ,0.00 ,,,,0 ,0.00 ,0.00 ,,0.00 ,0.00 ,,,,,,,0,0,0 ,0.00 ,,,0 ,0.00 ,,,0 ,0.00 ,,,,0 ,0.00 ,,0.00 ,,,,,,,,,,,,,,,,,,,,,,,,,,,,,,,,,,,,,,,,,,,,,,,,,,,,,,,,,,,,,,,,,,,,,,,,,,,,,,,,,,,,,,,,,,,,,,,,,,,,,,,,,,,,,,,,,,,,,,,,,,,,,,,,,,,,,,,,,,,,,,,,,,,,,,,,,,,,,,,,,,,,,,,,,,,,,,
r000001866783_00,"3,250.000","72,147.000",,,,OG1_OKRFB,,,D1 02,Co-Working,1,Flex-/ Co-Work/,205.000,614.590,0,,50,0,0,0,0,10.25,H-K-Segel,"10,250",1,10.25 ,,,0 ,0.00 ,,,,0 ,0.00 ,,10.25,,,0 ,0.00,0.00 ,,,0 ,0.00 ,0.00 ,,,,0 ,0.00 ,0.00 ,,0.00 ,10.25 ,,,,,,,40,0,0 ,8.20 ,H-K-Segel,"8,200 ",1 ,8.20 ,,,0 ,0.00 ,,,,0 ,0.00 ,,8.20 ,,,,,,,,,,,,,,,,,,,,,,,,,,,,,,,,,,,,,,,,,,,,,,,,,,,,,,,,,,,,,,,,,,,,,,,,,,,,,,,,,,,,,,,,,,,,,,,,,,,,,,,,,,,,,,,,,,,,,,,,,,,,,,,,,,,,,,,,,,,,,,,,,,,,,,,,,,,,,,,,,,,,,,,,,,,,,,
r000001866777_00,"3,250.000","12,060.000",,,,OG1_OKRFB,,,D1 14,Wiss. Mitarbeiter,2,Einzel-/Zweierbüros,8.000,24.510,0,,50,0,0,0,0,0.40,H-K-Segel,400,1,0.40 ,,,0 ,0.00 ,,,,0 ,0.00 ,,0.40,,,0 ,0.00,0.00 ,,,0 ,0.00 ,0.00 ,,,,0 ,0.00 ,0.00 ,,0.00 ,0.40 ,,,,,,,40,0,0 ,0.32 ,H-K-Segel,320 ,1 ,0.32 ,,,0 ,0.00 ,,,,0 ,0.00 ,,0.32 ,,,,,,,,,,,,,,,,,,,,,,,,,,,,,,,,,,,,,,,,,,,,,,,,,,,,,,,,,,,,,,,,,,,,,,,,,,,,,,,,,,,,,,,,,,,,,,,,,,,,,,,,,,,,,,,,,,,,,,,,,,,,,,,,,,,,,,,,,,,,,,,,,,,,,,,,,,,,,,,,,,,,,,,,,,,,,,
r000001866773_00,"3,250.000","12,150.000",,,,OG1_OKRFB,,,D1 15,Wiss. Mitarbeiter,2,Einzel-/Zweierbüros,8.000,25.040,0,,50,0,0,0,0,0.40,H-K-Segel,400,1,0.40 ,,,0 ,0.00 ,,,,0 ,0.00 ,,0.40,,,0 ,0.00,0.00 ,,,0 ,0.00 ,0.00 ,,,,0 ,0.00 ,0.00 ,,0.00 ,0.40 ,,,,,,,40,0,0 ,0.32 ,H-K-Segel,320 ,1 ,0.32 ,,,0 ,0.00 ,,,,0 ,0.00 ,,0.32 ,,,,,,,,,,,,,,,,,,,,,,,,,,,,,,,,,,,,,,,,,,,,,,,,,,,,,,,,,,,,,,,,,,,,,,,,,,,,,,,,,,,,,,,,,,,,,,,,,,,,,,,,,,,,,,,,,,,,,,,,,,,,,,,,,,,,,,,,,,,,,,,,,,,,,,,,,,,,,,,,,,,,,,,,,,,,,,
r000001866776_00,"3,250.000","12,050.000",,,,OG1_OKRFB,,,D1 16,Wiss. Mitarbeiter,2,Einzel-/Zweierbüros,8.000,24.730,0,,50,0,0,0,0,0.40,H-K-Segel,400,1,0.40 ,,,0 ,0.00 ,,,,0 ,0.00 ,,0.40,,,0 ,0.00,0.00 ,,,0 ,0.00 ,0.00 ,,,,0 ,0.00 ,0.00 ,,0.00 ,0.40 ,,,,,,,40,0,0 ,0.32 ,H-K-Segel,320 ,1 ,0.32 ,,,0 ,0.00 ,,,,0 ,0.00 ,,0.32 ,,,,,,,,,,,,,,,,,,,,,,,,,,,,,,,,,,,,,,,,,,,,,,,,,,,,,,,,,,,,,,,,,,,,,,,,,,,,,,,,,,,,,,,,,,,,,,,,,,,,,,,,,,,,,,,,,,,,,,,,,,,,,,,,,,,,,,,,,,,,,,,,,,,,,,,,,,,,,,,,,,,,,,,,,,,,,,
r000001866775_00,"3,250.000","12,050.000",,,,OG1_OKRFB,,,D1 17,Wiss. Mitarbeiter,2,Einzel-/Zweierbüros,8.000,24.730,0,,50,0,0,0,0,0.40,H-K-Segel,400,1,0.40 ,,,0 ,0.00 ,,,,0 ,0.00 ,,0.40,,,0 ,0.00,0.00 ,,,0 ,0.00 ,0.00 ,,,,0 ,0.00 ,0.00 ,,0.00 ,0.40 ,,,,,,,40,0,0 ,0.32 ,H-K-Segel,320 ,1 ,0.32 ,,,0 ,0.00 ,,,,0 ,0.00 ,,0.32 ,,,,,,,,,,,,,,,,,,,,,,,,,,,,,,,,,,,,,,,,,,,,,,,,,,,,,,,,,,,,,,,,,,,,,,,,,,,,,,,,,,,,,,,,,,,,,,,,,,,,,,,,,,,,,,,,,,,,,,,,,,,,,,,,,,,,,,,,,,,,,,,,,,,,,,,,,,,,,,,,,,,,,,,,,,,,,,
r000001866774_00,"3,250.000","12,050.000",,,,OG1_OKRFB,,,D1 18,Wiss. Mitarbeiter,2,Einzel-/Zweierbüros,8.000,24.730,0,,50,0,0,0,0,0.40,H-K-Segel,400,1,0.40 ,,,0 ,0.00 ,,,,0 ,0.00 ,,0.40,,,0 ,0.00,0.00 ,,,0 ,0.00 ,0.00 ,,,,0 ,0.00 ,0.00 ,,0.00 ,0.40 ,,,,,,,40,0,0 ,0.32 ,H-K-Segel,320 ,1 ,0.32 ,,,0 ,0.00 ,,,,0 ,0.00 ,,0.32 ,,,,,,,,,,,,,,,,,,,,,,,,,,,,,,,,,,,,,,,,,,,,,,,,,,,,,,,,,,,,,,,,,,,,,,,,,,,,,,,,,,,,,,,,,,,,,,,,,,,,,,,,,,,,,,,,,,,,,,,,,,,,,,,,,,,,,,,,,,,,,,,,,,,,,,,,,,,,,,,,,,,,,,,,,,,,,,
r000001869374_00,"3,250.000","25,950.000",,,,OG1_OKRFB,,,D1 19,Co-Working Space,1,Flex-/ Co-Work/,37.000,109.520,0,,50,0,0,0,0,1.85,H-K-Segel,"1,850",1,1.85 ,,,0 ,0.00 ,,,,0 ,0.00 ,,1.85,,,0 ,0.00,0.00 ,,,0 ,0.00 ,0.00 ,,,,0 ,0.00 ,0.00 ,,0.00 ,1.85 ,,,,,,,40,0,0 ,1.48 ,H-K-Segel,"1,480 ",1 ,1.48 ,,,0 ,0.00 ,,,,0 ,0.00 ,,1.48 ,,,,,,,,,,,,,,,,,,,,,,,,,,,,,,,,,,,,,,,,,,,,,,,,,,,,,,,,,,,,,,,,,,,,,,,,,,,,,,,,,,,,,,,,,,,,,,,,,,,,,,,,,,,,,,,,,,,,,,,,,,,,,,,,,,,,,,,,,,,,,,,,,,,,,,,,,,,,,,,,,,,,,,,,,,,,,,
r000001866772_00,"3,250.000","16,450.000",,,,OG1_OKRFB,,,D1 23,Allg. & Gruppenleitung,2,Einzel-/Zweierbüros,17.000,50.630,0,,50,0,0,0,0,0.85,H-K-Segel,850,1,0.85 ,,,0 ,0.00 ,,,,0 ,0.00 ,,0.85,,,0 ,0.00,0.00 ,,,0 ,0.00 ,0.00 ,,,,0 ,0.00 ,0.00 ,,0.00 ,0.85 ,,,,,,,40,0,0 ,0.68 ,H-K-Segel,680 ,1 ,0.68 ,,,0 ,0.00 ,,,,0 ,0.00 ,,0.68 ,,,,,,,,,,,,,,,,,,,,,,,,,,,,,,,,,,,,,,,,,,,,,,,,,,,,,,,,,,,,,,,,,,,,,,,,,,,,,,,,,,,,,,,,,,,,,,,,,,,,,,,,,,,,,,,,,,,,,,,,,,,,,,,,,,,,,,,,,,,,,,,,,,,,,,,,,,,,,,,,,,,,,,,,,,,,,,
r000001866766_00,"3,250.000","11,750.000",,,,OG1_OKRFB,,,D1 25,Installationsschacht,18,Schächte,8.000,23.250,0,,0,0,0,0,0,0.00,,,0,0.00 ,,,0 ,0.00 ,,,,0 ,0.00 ,,0.00,,,0 ,0.00,0.00 ,,,0 ,0.00 ,0.00 ,,,,0 ,0.00 ,0.00 ,,0.00 ,0.00 ,,,,,,,0,0,0 ,0.00 ,,,0 ,0.00 ,,,0 ,0.00 ,,,,0 ,0.00 ,,0.00 ,,,,,,,,,,,,,,,,,,,,,,,,,,,,,,,,,,,,,,,,,,,,,,,,,,,,,,,,,,,,,,,,,,,,,,,,,,,,,,,,,,,,,,,,,,,,,,,,,,,,,,,,,,,,,,,,,,,,,,,,,,,,,,,,,,,,,,,,,,,,,,,,,,,,,,,,,,,,,,,,,,,,,,,,,,,,,,
r000001866767_00,"3,250.000","11,750.000",,,,OG1_OKRFB,,,D1 26,Etagenverteiler,13,Etagenverteiler,8.000,23.250,0,,0,0,"3,500",0,0,3.50,ULK,"3,500",1,3.50 ,,,0 ,0.00 ,,,,0 ,0.00 ,,3.50,,,0 ,0.00,0.00 ,,,0 ,0.00 ,0.00 ,,,,0 ,0.00 ,0.00 ,,0.00 ,3.50 ,,,,,,,0,0,0 ,0.00 ,,,0 ,0.00 ,,,0 ,0.00 ,,,,0 ,0.00 ,,0.00 ,,,,,,,,,,,,,,,,,,,,,,,,,,,,,,,,,,,,,,,,,,,,,,,,,,,,,,,,,,,,,,,,,,,,,,,,,,,,,,,,,,,,,,,,,,,,,,,,,,,,,,,,,,,,,,,,,,,,,,,,,,,,,,,,,,,,,,,,,,,,,,,,,,,,,,,,,,,,,,,,,,,,,,,,,,,,,,
r000001869377_00,"3,250.000","62,675.000",,,,OG1_OKRFB,,,D1 27,Flur,6,"Verkehrsflächen, Flure",67.000,202.360,0,,0,0,0,0,0,0.00,,,0,0.00 ,,,0 ,0.00 ,,,,0 ,0.00 ,,0.00,,,0 ,0.00,0.00 ,,,0 ,0.00 ,0.00 ,,,,0 ,0.00 ,0.00 ,,0.00 ,0.00 ,,,,,,,0,0,0 ,0.00 ,,,0 ,0.00 ,,,0 ,0.00 ,,,,0 ,0.00 ,,0.00 ,,,,,,,,,,,,,,,,,,,,,,,,,,,,,,,,,,,,,,,,,,,,,,,,,,,,,,,,,,,,,,,,,,,,,,,,,,,,,,,,,,,,,,,,,,,,,,,,,,,,,,,,,,,,,,,,,,,,,,,,,,,,,,,,,,,,,,,,,,,,,,,,,,,,,,,,,,,,,,,,,,,,,,,,,,,,,,
r000001866770_00,"3,250.000","7,150.000",,,,OG1_OKRFB,,,Mo 1 06.1,WC Herren,8,WCs,3.000,9.580,0,,0,0,0,0,0,0.00,,,0,0.00 ,,,0 ,0.00 ,,,,0 ,0.00 ,,0.00,,,0 ,0.00,0.00 ,,,0 ,0.00 ,0.00 ,,,,0 ,0.00 ,0.00 ,,0.00 ,0.00 ,,,,,,,30,0,0 ,0.09 ,HK,150 ,1 ,0.15 ,,,0 ,0.00 ,,,,0 ,0.00 ,,0.15 ,,,,,,,,,,,,,,,,,,,,,,,,,,,,,,,,,,,,,,,,,,,,,,,,,,,,,,,,,,,,,,,,,,,,,,,,,,,,,,,,,,,,,,,,,,,,,,,,,,,,,,,,,,,,,,,,,,,,,,,,,,,,,,,,,,,,,,,,,,,,,,,,,,,,,,,,,,,,,,,,,,,,,,,,,,,,,,
r000001866784_00,"3,250.000","40,730.000",,,,OG1_OKRFB,,,Mo1 01,Flur,17,Treppenhäuser/Magistrale,57.000,170.660,0,,0,0,0,0,0,0.00,,,0,0.00 ,,,0 ,0.00 ,,,,0 ,0.00 ,,0.00,,,0 ,0.00,0.00 ,,,0 ,0.00 ,0.00 ,,,,0 ,0.00 ,0.00 ,,0.00 ,0.00 ,,,,,,,25,0,0 ,1.43 ,HK,"1,430 ",1 ,1.43 ,,,0 ,0.00 ,,,,0 ,0.00 ,,1.43 ,,,,,,,,,,,,,,,,,,,,,,,,,,,,,,,,,,,,,,,,,,,,,,,,,,,,,,,,,,,,,,,,,,,,,,,,,,,,,,,,,,,,,,,,,,,,,,,,,,,,,,,,,,,,,,,,,,,,,,,,,,,,,,,,,,,,,,,,,,,,,,,,,,,,,,,,,,,,,,,,,,,,,,,,,,,,,,
r000001866782_00,"3,250.000","12,340.000",,,,OG1_OKRFB,,,Mo1 02,Lager,11,Lager innenliegend,9.000,28.450,0,,0,0,0,0,0,0.00,,,0,0.00 ,,,0 ,0.00 ,,,,0 ,0.00 ,,0.00,,,0 ,0.00,0.00 ,,,0 ,0.00 ,0.00 ,,,,0 ,0.00 ,0.00 ,,0.00 ,0.00 ,,,,,,,0,0,0 ,0.00 ,,,0 ,0.00 ,,,0 ,0.00 ,,,,0 ,0.00 ,,0.00 ,,,,,,,,,,,,,,,,,,,,,,,,,,,,,,,,,,,,,,,,,,,,,,,,,,,,,,,,,,,,,,,,,,,,,,,,,,,,,,,,,,,,,,,,,,,,,,,,,,,,,,,,,,,,,,,,,,,,,,,,,,,,,,,,,,,,,,,,,,,,,,,,,,,,,,,,,,,,,,,,,,,,,,,,,,,,,,
r000001866781_00,"3,250.000","11,800.000",,,,OG1_OKRFB,,,Mo1 03,Aufzug,19,Aufzüge,9.000,26.100,0,,0,0,0,0,0,0.00,,,0,0.00 ,,,0 ,0.00 ,,,,0 ,0.00 ,,0.00,,,0 ,0.00,0.00 ,,,0 ,0.00 ,0.00 ,,,,0 ,0.00 ,0.00 ,,0.00 ,0.00 ,,,,,,,0,0,0 ,0.00 ,,,0 ,0.00 ,,,0 ,0.00 ,,,,0 ,0.00 ,,0.00 ,,,,,,,,,,,,,,,,,,,,,,,,,,,,,,,,,,,,,,,,,,,,,,,,,,,,,,,,,,,,,,,,,,,,,,,,,,,,,,,,,,,,,,,,,,,,,,,,,,,,,,,,,,,,,,,,,,,,,,,,,,,,,,,,,,,,,,,,,,,,,,,,,,,,,,,,,,,,,,,,,,,,,,,,,,,,,,
r000001866769_00,"3,250.000","7,328.000",,,,OG1_OKRFB,,,Mo1 04,WC Damen,8,WCs,3.000,10.050,0,,0,0,0,0,0,0.00,,,0,0.00 ,,,0 ,0.00 ,,,,0 ,0.00 ,,0.00,,,0 ,0.00,0.00 ,,,0 ,0.00 ,0.00 ,,,,0 ,0.00 ,0.00 ,,0.00 ,0.00 ,,,,,,,30,0,0 ,0.09 ,HK,90 ,1 ,0.09 ,,,0 ,0.00 ,,,,0 ,0.00 ,,0.09 ,,,,,,,,,,,,,,,,,,,,,,,,,,,,,,,,,,,,,,,,,,,,,,,,,,,,,,,,,,,,,,,,,,,,,,,,,,,,,,,,,,,,,,,,,,,,,,,,,,,,,,,,,,,,,,,,,,,,,,,,,,,,,,,,,,,,,,,,,,,,,,,,,,,,,,,,,,,,,,,,,,,,,,,,,,,,,,
r000001866768_00,"3,250.000","5,317.000",,,,OG1_OKRFB,,,Mo1 05,Putzraum,10,Putzmittel/ Lager,2.000,4.750,0,,0,0,0,0,0,0.00,,,0,0.00 ,,,0 ,0.00 ,,,,0 ,0.00 ,,0.00,,,0 ,0.00,0.00 ,,,0 ,0.00 ,0.00 ,,,,0 ,0.00 ,0.00 ,,0.00 ,0.00 ,,,,,,,15,0,0 ,0.03 ,,,,0.00 ,,,0 ,0.00 ,,,,0 ,0.00 ,,0.00 ,,,,,,,,,,,,,,,,,,,,,,,,,,,,,,,,,,,,,,,,,,,,,,,,,,,,,,,,,,,,,,,,,,,,,,,,,,,,,,,,,,,,,,,,,,,,,,,,,,,,,,,,,,,,,,,,,,,,,,,,,,,,,,,,,,,,,,,,,,,,,,,,,,,,,,,,,,,,,,,,,,,,,,,,,,,,,,
r000001866771_00,"3,250.000","5,535.000",,,,OG1_OKRFB,,,Mo1 06,WC Herren,8,WCs,2.000,5.300,0,,0,0,0,0,0,0.00,,,0,0.00 ,,,0 ,0.00 ,,,,0 ,0.00 ,,0.00,,,0 ,0.00,0.00 ,,,0 ,0.00 ,0.00 ,,,,0 ,0.00 ,0.00 ,,0.00 ,0.00 ,,,,,,,30,0,0 ,0.06 ,HK,,,0.00 ,,,0 ,0.00 ,,,,0 ,0.00 ,,0.00 ,,,,,,,,,,,,,,,,,,,,,,,,,,,,,,,,,,,,,,,,,,,,,,,,,,,,,,,,,,,,,,,,,,,,,,,,,,,,,,,,,,,,,,,,,,,,,,,,,,,,,,,,,,,,,,,,,,,,,,,,,,,,,,,,,,,,,,,,,,,,,,,,,,,,,,,,,,,,,,,,,,,,,,,,,,,,,,
r000001866778_00,"3,250.000","34,384.000",,,,OG1_OKRFB,,,Mw1 01/02,Treppe/Flur,17,Treppenhäuser/Magistrale,41.000,122.920,0,,0,0,0,0,0,0.00,,,0,0.00 ,,,0 ,0.00 ,,,,0 ,0.00 ,,0.00,,,0 ,0.00,0.00 ,,,0 ,0.00 ,0.00 ,,,,0 ,0.00 ,0.00 ,,0.00 ,0.00 ,,,,,,,25,0,0 ,1.03 ,HK,"1,030 ",1 ,1.03 ,,,0 ,0.00 ,,,,0 ,0.00 ,,1.03 ,,,,,,,,,,,,,,,,,,,,,,,,,,,,,,,,,,,,,,,,,,,,,,,,,,,,,,,,,,,,,,,,,,,,,,,,,,,,,,,,,,,,,,,,,,,,,,,,,,,,,,,,,,,,,,,,,,,,,,,,,,,,,,,,,,,,,,,,,,,,,,,,,,,,,,,,,,,,,,,,,,,,,,,,,,,,,,
r000001866780_00,"3,250.000","7,061.000",,,,OG1_OKRFB,,,Mw1 03,Installationsschacht,18,Schächte,3.000,9.280,0,,0,0,0,0,0,0.00,,,0,0.00 ,,,0 ,0.00 ,,,,0 ,0.00 ,,0.00,,,0 ,0.00,0.00 ,,,0 ,0.00 ,0.00 ,,,,0 ,0.00 ,0.00 ,,0.00 ,0.00 ,,,,,,,0,0,0 ,0.00 ,,,0 ,0.00 ,,,0 ,0.00 ,,,,0 ,0.00 ,,0.00 ,,,,,,,,,,,,,,,,,,,,,,,,,,,,,,,,,,,,,,,,,,,,,,,,,,,,,,,,,,,,,,,,,,,,,,,,,,,,,,,,,,,,,,,,,,,,,,,,,,,,,,,,,,,,,,,,,,,,,,,,,,,,,,,,,,,,,,,,,,,,,,,,,,,,,,,,,,,,,,,,,,,,,,,,,,,,,,
r000001866779_00,"3,250.000","6,840.000",,,,OG1_OKRFB,,,Mw1 04,ELT,14,ELT-Schacht,3.000,8.750,0,,0,0,0,0,0,0.00,,,0,0.00 ,,,0 ,0.00 ,,,,0 ,0.00 ,,0.00,,,0 ,0.00,0.00 ,,,0 ,0.00 ,0.00 ,,,,0 ,0.00 ,0.00 ,,0.00 ,0.00 ,,,,,,,0,0,0 ,0.00 ,,,0 ,0.00 ,,,0 ,0.00 ,,,,0 ,0.00 ,,0.00 ,,,,,,,,,,,,,,,,,,,,,,,,,,,,,,,,,,,,,,,,,,,,,,,,,,,,,,,,,,,,,,,,,,,,,,,,,,,,,,,,,,,,,,,,,,,,,,,,,,,,,,,,,,,,,,,,,,,,,,,,,,,,,,,,,,,,,,,,,,,,,,,,,,,,,,,,,,,,,,,,,,,,,,,,,,,,,,
r000001870212_00,"3,250.000","41,810.000",,,,OG2_OKRFB,,,D2 02,Seminar,20,Serminarraum,102.000,305.140,0,,50,0,0,0,0,5.10,H-K-Segel,"5,100",1,5.10 ,,,0 ,0.00 ,,,,0 ,0.00 ,,5.10,,,0 ,0.00,0.00 ,,,0 ,0.00 ,0.00 ,,,,0 ,0.00 ,0.00 ,,0.00 ,5.10 ,,,,,,,40,0,0 ,4.08 ,H-K-Segel,"4,080 ",1 ,4.08 ,,,0 ,0.00 ,,,,0 ,0.00 ,,4.08 ,,,,,,,,,,,,,,,,,,,,,,,,,,,,,,,,,,,,,,,,,,,,,,,,,,,,,,,,,,,,,,,,,,,,,,,,,,,,,,,,,,,,,,,,,,,,,,,,,,,,,,,,,,,,,,,,,,,,,,,,,,,,,,,,,,,,,,,,,,,,,,,,,,,,,,,,,,,,,,,,,,,,,,,,,,,,,,
r000001866830_00,"3,250.000","49,882.000",,,,OG2_OKRFB,,,D2 06,Flexwork,1,Flex-/ Co-Work/,126.000,378.750,0,,50,0,0,0,0,6.30,H-K-Segel,"6,300",1,6.30 ,,,0 ,0.00 ,,,,0 ,0.00 ,,6.30,,,0 ,0.00,0.00 ,,,0 ,0.00 ,0.00 ,,,,0 ,0.00 ,0.00 ,,0.00 ,6.30 ,,,,,,,40,0,0 ,5.04 ,H-K-Segel,"5,040 ",1 ,5.04 ,,,0 ,0.00 ,,,,0 ,0.00 ,,5.04 ,,,,,,,,,,,,,,,,,,,,,,,,,,,,,,,,,,,,,,,,,,,,,,,,,,,,,,,,,,,,,,,,,,,,,,,,,,,,,,,,,,,,,,,,,,,,,,,,,,,,,,,,,,,,,,,,,,,,,,,,,,,,,,,,,,,,,,,,,,,,,,,,,,,,,,,,,,,,,,,,,,,,,,,,,,,,,,
r000001870215_00,"3,250.000","62,660.000",,,,OG2_OKRFB,,,D2 07,Flur,6,"Verkehrsflächen, Flure",67.000,202.310,0,,0,0,0,0,0,0.00,,,0,0.00 ,,,0 ,0.00 ,,,,0 ,0.00 ,,0.00,,,0 ,0.00,0.00 ,,,0 ,0.00 ,0.00 ,,,,0 ,0.00 ,0.00 ,,0.00 ,0.00 ,,,,,,,0,0,0 ,0.00 ,,,0 ,0.00 ,,,0 ,0.00 ,,,,0 ,0.00 ,,0.00 ,,,,,,,,,,,,,,,,,,,,,,,,,,,,,,,,,,,,,,,,,,,,,,,,,,,,,,,,,,,,,,,,,,,,,,,,,,,,,,,,,,,,,,,,,,,,,,,,,,,,,,,,,,,,,,,,,,,,,,,,,,,,,,,,,,,,,,,,,,,,,,,,,,,,,,,,,,,,,,,,,,,,,,,,,,,,,,
r000001866825_00,"3,250.000","12,060.000",,,,OG2_OKRFB,,,D2 14,Wiss. Mitarbeiter,2,Einzel-/Zweierbüros,8.000,24.510,0,,50,0,0,0,0,0.40,H-K-Segel,400,1,0.40 ,,,0 ,0.00 ,,,,0 ,0.00 ,,0.40,,,0 ,0.00,0.00 ,,,0 ,0.00 ,0.00 ,,,,0 ,0.00 ,0.00 ,,0.00 ,0.40 ,,,,,,,40,0,0 ,0.32 ,H-K-Segel,320 ,1 ,0.32 ,,,0 ,0.00 ,,,,0 ,0.00 ,,0.32 ,,,,,,,,,,,,,,,,,,,,,,,,,,,,,,,,,,,,,,,,,,,,,,,,,,,,,,,,,,,,,,,,,,,,,,,,,,,,,,,,,,,,,,,,,,,,,,,,,,,,,,,,,,,,,,,,,,,,,,,,,,,,,,,,,,,,,,,,,,,,,,,,,,,,,,,,,,,,,,,,,,,,,,,,,,,,,,
r000001866821_00,"3,250.000","12,150.000",,,,OG2_OKRFB,,,D2 15,Wiss. Mitarbeiter,2,Einzel-/Zweierbüros,8.000,25.040,0,,50,0,0,0,0,0.40,H-K-Segel,400,1,0.40 ,,,0 ,0.00 ,,,,0 ,0.00 ,,0.40,,,0 ,0.00,0.00 ,,,0 ,0.00 ,0.00 ,,,,0 ,0.00 ,0.00 ,,0.00 ,0.40 ,,,,,,,40,0,0 ,0.32 ,H-K-Segel,320 ,1 ,0.32 ,,,0 ,0.00 ,,,,0 ,0.00 ,,0.32 ,,,,,,,,,,,,,,,,,,,,,,,,,,,,,,,,,,,,,,,,,,,,,,,,,,,,,,,,,,,,,,,,,,,,,,,,,,,,,,,,,,,,,,,,,,,,,,,,,,,,,,,,,,,,,,,,,,,,,,,,,,,,,,,,,,,,,,,,,,,,,,,,,,,,,,,,,,,,,,,,,,,,,,,,,,,,,,
r000001866822_00,"3,250.000","12,050.000",,,,OG2_OKRFB,,,D2 16,Wiss. Mitarbeiter,2,Einzel-/Zweierbüros,8.000,24.730,0,,50,0,0,0,0,0.40,H-K-Segel,400,1,0.40 ,,,0 ,0.00 ,,,,0 ,0.00 ,,0.40,,,0 ,0.00,0.00 ,,,0 ,0.00 ,0.00 ,,,,0 ,0.00 ,0.00 ,,0.00 ,0.40 ,,,,,,,40,0,0 ,0.32 ,H-K-Segel,320 ,1 ,0.32 ,,,0 ,0.00 ,,,,0 ,0.00 ,,0.32 ,,,,,,,,,,,,,,,,,,,,,,,,,,,,,,,,,,,,,,,,,,,,,,,,,,,,,,,,,,,,,,,,,,,,,,,,,,,,,,,,,,,,,,,,,,,,,,,,,,,,,,,,,,,,,,,,,,,,,,,,,,,,,,,,,,,,,,,,,,,,,,,,,,,,,,,,,,,,,,,,,,,,,,,,,,,,,,
r000001866820_00,"3,250.000","12,150.000",,,,OG2_OKRFB,,,D2 17,Wiss. Mitarbeiter,2,Einzel-/Zweierbüros,8.000,25.040,0,,50,0,0,0,0,0.40,H-K-Segel,400,1,0.40 ,,,0 ,0.00 ,,,,0 ,0.00 ,,0.40,,,0 ,0.00,0.00 ,,,0 ,0.00 ,0.00 ,,,,0 ,0.00 ,0.00 ,,0.00 ,0.40 ,,,,,,,40,0,0 ,0.32 ,H-K-Segel,320 ,1 ,0.32 ,,,0 ,0.00 ,,,,0 ,0.00 ,,0.32 ,,,,,,,,,,,,,,,,,,,,,,,,,,,,,,,,,,,,,,,,,,,,,,,,,,,,,,,,,,,,,,,,,,,,,,,,,,,,,,,,,,,,,,,,,,,,,,,,,,,,,,,,,,,,,,,,,,,,,,,,,,,,,,,,,,,,,,,,,,,,,,,,,,,,,,,,,,,,,,,,,,,,,,,,,,,,,,
r000001866823_00,"3,250.000","12,050.000",,,,OG2_OKRFB,,,D2 18,Wiss. Mitarbeiter,2,Einzel-/Zweierbüros,8.000,24.730,0,,50,0,0,0,0,0.40,H-K-Segel,400,1,0.40 ,,,0 ,0.00 ,,,,0 ,0.00 ,,0.40,,,0 ,0.00,0.00 ,,,0 ,0.00 ,0.00 ,,,,0 ,0.00 ,0.00 ,,0.00 ,0.40 ,,,,,,,40,0,0 ,0.32 ,H-K-Segel,320 ,1 ,0.32 ,,,0 ,0.00 ,,,,0 ,0.00 ,,0.32 ,,,,,,,,,,,,,,,,,,,,,,,,,,,,,,,,,,,,,,,,,,,,,,,,,,,,,,,,,,,,,,,,,,,,,,,,,,,,,,,,,,,,,,,,,,,,,,,,,,,,,,,,,,,,,,,,,,,,,,,,,,,,,,,,,,,,,,,,,,,,,,,,,,,,,,,,,,,,,,,,,,,,,,,,,,,,,,
r000001866819_00,"3,250.000","16,650.000",,,,OG2_OKRFB,,,D2 19,Doktorand,2,Einzel-/Zweierbüros,17.000,51.870,0,,50,0,0,0,0,0.85,H-K-Segel,850,1,0.85 ,,,0 ,0.00 ,,,,0 ,0.00 ,,0.85,,,0 ,0.00,0.00 ,,,0 ,0.00 ,0.00 ,,,,0 ,0.00 ,0.00 ,,0.00 ,0.85 ,,,,,,,40,0,0 ,0.68 ,H-K-Segel,680 ,1 ,0.68 ,,,0 ,0.00 ,,,,0 ,0.00 ,,0.68 ,,,,,,,,,,,,,,,,,,,,,,,,,,,,,,,,,,,,,,,,,,,,,,,,,,,,,,,,,,,,,,,,,,,,,,,,,,,,,,,,,,,,,,,,,,,,,,,,,,,,,,,,,,,,,,,,,,,,,,,,,,,,,,,,,,,,,,,,,,,,,,,,,,,,,,,,,,,,,,,,,,,,,,,,,,,,,,
r000001866824_00,"3,250.000","16,550.000",,,,OG2_OKRFB,,,D2 21,Allg. & Gruppenleitung,2,Einzel-/Zweierbüros,17.000,51.220,0,,50,0,0,0,0,0.85,H-K-Segel,850,1,0.85 ,,,0 ,0.00 ,,,,0 ,0.00 ,,0.85,,,0 ,0.00,0.00 ,,,0 ,0.00 ,0.00 ,,,,0 ,0.00 ,0.00 ,,0.00 ,0.85 ,,,,,,,40,0,0 ,0.68 ,H-K-Segel,680 ,1 ,0.68 ,,,0 ,0.00 ,,,,0 ,0.00 ,,0.68 ,,,,,,,,,,,,,,,,,,,,,,,,,,,,,,,,,,,,,,,,,,,,,,,,,,,,,,,,,,,,,,,,,,,,,,,,,,,,,,,,,,,,,,,,,,,,,,,,,,,,,,,,,,,,,,,,,,,,,,,,,,,,,,,,,,,,,,,,,,,,,,,,,,,,,,,,,,,,,,,,,,,,,,,,,,,,,,
r000001866817_00,"3,250.000","12,150.000",,,,OG2_OKRFB,,,D2 23,Wiss. Mitarbeiter,2,Einzel-/Zweierbüros,8.000,25.040,0,,50,0,0,0,0,0.40,H-K-Segel,400,1,0.40 ,,,0 ,0.00 ,,,,0 ,0.00 ,,0.40,,,0 ,0.00,0.00 ,,,0 ,0.00 ,0.00 ,,,,0 ,0.00 ,0.00 ,,0.00 ,0.40 ,,,,,,,40,0,0 ,0.32 ,H-K-Segel,320 ,1 ,0.32 ,,,0 ,0.00 ,,,,0 ,0.00 ,,0.32 ,,,,,,,,,,,,,,,,,,,,,,,,,,,,,,,,,,,,,,,,,,,,,,,,,,,,,,,,,,,,,,,,,,,,,,,,,,,,,,,,,,,,,,,,,,,,,,,,,,,,,,,,,,,,,,,,,,,,,,,,,,,,,,,,,,,,,,,,,,,,,,,,,,,,,,,,,,,,,,,,,,,,,,,,,,,,,,
r000001866818_00,"3,250.000","12,050.000",,,,OG2_OKRFB,,,D2 24,Wiss. Mitarbeiter,2,Einzel-/Zweierbüros,8.000,24.450,0,,50,0,0,0,0,0.40,H-K-Segel,400,1,0.40 ,,,0 ,0.00 ,,,,0 ,0.00 ,,0.40,,,0 ,0.00,0.00 ,,,0 ,0.00 ,0.00 ,,,,0 ,0.00 ,0.00 ,,0.00 ,0.40 ,,,,,,,40,0,0 ,0.32 ,H-K-Segel,320 ,1 ,0.32 ,,,0 ,0.00 ,,,,0 ,0.00 ,,0.32 ,,,,,,,,,,,,,,,,,,,,,,,,,,,,,,,,,,,,,,,,,,,,,,,,,,,,,,,,,,,,,,,,,,,,,,,,,,,,,,,,,,,,,,,,,,,,,,,,,,,,,,,,,,,,,,,,,,,,,,,,,,,,,,,,,,,,,,,,,,,,,,,,,,,,,,,,,,,,,,,,,,,,,,,,,,,,,,
r000001866811_00,"3,250.000","11,750.000",,,,OG2_OKRFB,,,D2 25,Installationsschacht,18,Schächte,8.000,23.250,0,,0,0,0,0,0,0.00,,,0,0.00 ,,,0 ,0.00 ,,,,0 ,0.00 ,,0.00,,,0 ,0.00,0.00 ,,,0 ,0.00 ,0.00 ,,,,0 ,0.00 ,0.00 ,,0.00 ,0.00 ,,,,,,,0,0,0 ,0.00 ,,,0 ,0.00 ,,,0 ,0.00 ,,,,0 ,0.00 ,,0.00 ,,,,,,,,,,,,,,,,,,,,,,,,,,,,,,,,,,,,,,,,,,,,,,,,,,,,,,,,,,,,,,,,,,,,,,,,,,,,,,,,,,,,,,,,,,,,,,,,,,,,,,,,,,,,,,,,,,,,,,,,,,,,,,,,,,,,,,,,,,,,,,,,,,,,,,,,,,,,,,,,,,,,,,,,,,,,,,
r000001866812_00,"3,250.000","11,750.000",,,,OG2_OKRFB,,,D2 26,Etagenverteiler,13,Etagenverteiler,8.000,23.250,0,,0,0,"3,500",0,0,3.50,ULK,"3,500",1,3.50 ,,,0 ,0.00 ,,,,0 ,0.00 ,,3.50,,,0 ,0.00,0.00 ,,,0 ,0.00 ,0.00 ,,,,0 ,0.00 ,0.00 ,,0.00 ,3.50 ,,,,,,,0,0,0 ,0.00 ,,,0 ,0.00 ,,,0 ,0.00 ,,,,0 ,0.00 ,,0.00 ,,,,,,,,,,,,,,,,,,,,,,,,,,,,,,,,,,,,,,,,,,,,,,,,,,,,,,,,,,,,,,,,,,,,,,,,,,,,,,,,,,,,,,,,,,,,,,,,,,,,,,,,,,,,,,,,,,,,,,,,,,,,,,,,,,,,,,,,,,,,,,,,,,,,,,,,,,,,,,,,,,,,,,,,,,,,,,
r000001866832_00,"3,250.000","40,745.000",,,,OG2_OKRFB,,,Mo2 01,Flur,17,Treppenhäuser/Magistrale,57.000,170.710,0,,0,0,0,0,0,0.00,,,0,0.00 ,,,0 ,0.00 ,,,,0 ,0.00 ,,0.00,,,0 ,0.00,0.00 ,,,0 ,0.00 ,0.00 ,,,,0 ,0.00 ,0.00 ,,0.00 ,0.00 ,,,,,,,25,0,0 ,1.43 ,HK,"1,430 ",1 ,1.43 ,,,0 ,0.00 ,,,,0 ,0.00 ,,1.43 ,,,,,,,,,,,,,,,,,,,,,,,,,,,,,,,,,,,,,,,,,,,,,,,,,,,,,,,,,,,,,,,,,,,,,,,,,,,,,,,,,,,,,,,,,,,,,,,,,,,,,,,,,,,,,,,,,,,,,,,,,,,,,,,,,,,,,,,,,,,,,,,,,,,,,,,,,,,,,,,,,,,,,,,,,,,,,,
r000001866831_00,"3,250.000","12,355.000",,,,OG2_OKRFB,,,Mo2 02,Lager,11,Lager innenliegend,10.000,28.520,0,,0,0,0,0,0,0.00,,,0,0.00 ,,,0 ,0.00 ,,,,0 ,0.00 ,,0.00,,,0 ,0.00,0.00 ,,,0 ,0.00 ,0.00 ,,,,0 ,0.00 ,0.00 ,,0.00 ,0.00 ,,,,,,,0,0,0 ,0.00 ,,,0 ,0.00 ,,,0 ,0.00 ,,,,0 ,0.00 ,,0.00 ,,,,,,,,,,,,,,,,,,,,,,,,,,,,,,,,,,,,,,,,,,,,,,,,,,,,,,,,,,,,,,,,,,,,,,,,,,,,,,,,,,,,,,,,,,,,,,,,,,,,,,,,,,,,,,,,,,,,,,,,,,,,,,,,,,,,,,,,,,,,,,,,,,,,,,,,,,,,,,,,,,,,,,,,,,,,,,
r000001866829_00,"3,250.000","11,815.000",,,,OG2_OKRFB,,,MO2 03,Aufzug,19,Aufzüge,9.000,26.170,0,,0,0,0,0,0,0.00,,,0,0.00 ,,,0 ,0.00 ,,,,0 ,0.00 ,,0.00,,,0 ,0.00,0.00 ,,,0 ,0.00 ,0.00 ,,,,0 ,0.00 ,0.00 ,,0.00 ,0.00 ,,,,,,,0,0,0 ,0.00 ,,,0 ,0.00 ,,,0 ,0.00 ,,,,0 ,0.00 ,,0.00 ,,,,,,,,,,,,,,,,,,,,,,,,,,,,,,,,,,,,,,,,,,,,,,,,,,,,,,,,,,,,,,,,,,,,,,,,,,,,,,,,,,,,,,,,,,,,,,,,,,,,,,,,,,,,,,,,,,,,,,,,,,,,,,,,,,,,,,,,,,,,,,,,,,,,,,,,,,,,,,,,,,,,,,,,,,,,,,
r000001866814_00,"3,250.000","7,328.000",,,,OG2_OKRFB,,,Mo2 04,WC Damen,8,WCs,3.000,10.050,0,,0,0,0,0,0,0.00,,,0,0.00 ,,,0 ,0.00 ,,,,0 ,0.00 ,,0.00,,,0 ,0.00,0.00 ,,,0 ,0.00 ,0.00 ,,,,0 ,0.00 ,0.00 ,,0.00 ,0.00 ,,,,,,,30,0,0 ,0.09 ,HK,90 ,1 ,0.09 ,,,0 ,0.00 ,,,,0 ,0.00 ,,0.09 ,,,,,,,,,,,,,,,,,,,,,,,,,,,,,,,,,,,,,,,,,,,,,,,,,,,,,,,,,,,,,,,,,,,,,,,,,,,,,,,,,,,,,,,,,,,,,,,,,,,,,,,,,,,,,,,,,,,,,,,,,,,,,,,,,,,,,,,,,,,,,,,,,,,,,,,,,,,,,,,,,,,,,,,,,,,,,,
r000001866813_00,"3,250.000","5,317.000",,,,OG2_OKRFB,,,Mo2 05,Putzraum,10,Putzmittel/ Lager,2.000,4.750,0,,0,0,0,0,0,0.00,,,0,0.00 ,,,0 ,0.00 ,,,,0 ,0.00 ,,0.00,,,0 ,0.00,0.00 ,,,0 ,0.00 ,0.00 ,,,,0 ,0.00 ,0.00 ,,0.00 ,0.00 ,,,,,,,15,0,0 ,0.03 ,,,,0.00 ,,,0 ,0.00 ,,,,0 ,0.00 ,,0.00 ,,,,,,,,,,,,,,,,,,,,,,,,,,,,,,,,,,,,,,,,,,,,,,,,,,,,,,,,,,,,,,,,,,,,,,,,,,,,,,,,,,,,,,,,,,,,,,,,,,,,,,,,,,,,,,,,,,,,,,,,,,,,,,,,,,,,,,,,,,,,,,,,,,,,,,,,,,,,,,,,,,,,,,,,,,,,,,
r000001866816_00,"3,250.000","5,535.000",,,,OG2_OKRFB,,,Mo2 06,WC Herren,8,WCs,2.000,5.300,0,,0,0,0,0,0,0.00,,,0,0.00 ,,,0 ,0.00 ,,,,0 ,0.00 ,,0.00,,,0 ,0.00,0.00 ,,,0 ,0.00 ,0.00 ,,,,0 ,0.00 ,0.00 ,,0.00 ,0.00 ,,,,,,,30,0,0 ,0.06 ,HK,,,0.00 ,,,0 ,0.00 ,,,,0 ,0.00 ,,0.00 ,,,,,,,,,,,,,,,,,,,,,,,,,,,,,,,,,,,,,,,,,,,,,,,,,,,,,,,,,,,,,,,,,,,,,,,,,,,,,,,,,,,,,,,,,,,,,,,,,,,,,,,,,,,,,,,,,,,,,,,,,,,,,,,,,,,,,,,,,,,,,,,,,,,,,,,,,,,,,,,,,,,,,,,,,,,,,,
r000001866815_00,"3,250.000","7,150.000",,,,OG2_OKRFB,,,Mo2 06.1,WC Herren,8,WCs,3.000,9.580,0,,0,0,0,0,0,0.00,,,0,0.00 ,,,0 ,0.00 ,,,,0 ,0.00 ,,0.00,,,0 ,0.00,0.00 ,,,0 ,0.00 ,0.00 ,,,,0 ,0.00 ,0.00 ,,0.00 ,0.00 ,,,,,,,30,0,0 ,0.09 ,HK,150 ,1 ,0.15 ,,,0 ,0.00 ,,,,0 ,0.00 ,,0.15 ,,,,,,,,,,,,,,,,,,,,,,,,,,,,,,,,,,,,,,,,,,,,,,,,,,,,,,,,,,,,,,,,,,,,,,,,,,,,,,,,,,,,,,,,,,,,,,,,,,,,,,,,,,,,,,,,,,,,,,,,,,,,,,,,,,,,,,,,,,,,,,,,,,,,,,,,,,,,,,,,,,,,,,,,,,,,,,
r000001866828_00,"3,250.000","34,381.000",,,,OG2_OKRFB,,,Mw2 01/02,Treppe/Flur,17,Treppenhäuser/Magistrale,41.000,122.900,0,,0,0,0,0,0,0.00,,,0,0.00 ,,,0 ,0.00 ,,,,0 ,0.00 ,,0.00,,,0 ,0.00,0.00 ,,,0 ,0.00 ,0.00 ,,,,0 ,0.00 ,0.00 ,,0.00 ,0.00 ,,,,,,,25,0,0 ,1.03 ,HK,"1,030 ",1 ,1.03 ,,,0 ,0.00 ,,,,0 ,0.00 ,,1.03 ,,,,,,,,,,,,,,,,,,,,,,,,,,,,,,,,,,,,,,,,,,,,,,,,,,,,,,,,,,,,,,,,,,,,,,,,,,,,,,,,,,,,,,,,,,,,,,,,,,,,,,,,,,,,,,,,,,,,,,,,,,,,,,,,,,,,,,,,,,,,,,,,,,,,,,,,,,,,,,,,,,,,,,,,,,,,,,
r000001866827_00,"3,250.000","7,060.000",,,,OG2_OKRFB,,,Mw2 03,Installationsschacht,18,Schächte,3.000,9.280,0,,0,0,0,0,0,0.00,,,0,0.00 ,,,0 ,0.00 ,,,,0 ,0.00 ,,0.00,,,0 ,0.00,0.00 ,,,0 ,0.00 ,0.00 ,,,,0 ,0.00 ,0.00 ,,0.00 ,0.00 ,,,,,,,0,0,0 ,0.00 ,,,0 ,0.00 ,,,0 ,0.00 ,,,,0 ,0.00 ,,0.00 ,,,,,,,,,,,,,,,,,,,,,,,,,,,,,,,,,,,,,,,,,,,,,,,,,,,,,,,,,,,,,,,,,,,,,,,,,,,,,,,,,,,,,,,,,,,,,,,,,,,,,,,,,,,,,,,,,,,,,,,,,,,,,,,,,,,,,,,,,,,,,,,,,,,,,,,,,,,,,,,,,,,,,,,,,,,,,,
r000001866826_00,"3,250.000","6,840.000",,,,OG2_OKRFB,,,Mw2 04,ELT,14,ELT-Schacht,3.000,8.750,0,,0,0,0,0,0,0.00,,,0,0.00 ,,,0 ,0.00 ,,,,0 ,0.00 ,,0.00,,,0 ,0.00,0.00 ,,,0 ,0.00 ,0.00 ,,,,0 ,0.00 ,0.00 ,,0.00 ,0.00 ,,,,,,,0,0,0 ,0.00 ,,,0 ,0.00 ,,,0 ,0.00 ,,,,0 ,0.00 ,,0.00 ,,,,,,,,,,,,,,,,,,,,,,,,,,,,,,,,,,,,,,,,,,,,,,,,,,,,,,,,,,,,,,,,,,,,,,,,,,,,,,,,,,,,,,,,,,,,,,,,,,,,,,,,,,,,,,,,,,,,,,,,,,,,,,,,,,,,,,,,,,,,,,,,,,,,,,,,,,,,,,,,,,,,,,,,,,,,,,
r000001871239_00,"3,250.000","35,510.000",,,,OG3_OKRFB,,,D3 02,Co-Working,1,Flex-/ Co-Work/,49.000,146.130,0,,50,0,0,0,0,2.45,H-K-Segel,"2,450",1,2.45 ,,,0 ,0.00 ,,,,0 ,0.00 ,,2.45,,,0 ,0.00,0.00 ,,,0 ,0.00 ,0.00 ,,,,0 ,0.00 ,0.00 ,,0.00 ,2.45 ,,,,,,,40,0,0 ,1.96 ,H-K-Segel,"1,960 ",1 ,1.96 ,,,0 ,0.00 ,,,,0 ,0.00 ,,1.96 ,,,,,,,,,,,,,,,,,,,,,,,,,,,,,,,,,,,,,,,,,,,,,,,,,,,,,,,,,,,,,,,,,,,,,,,,,,,,,,,,,,,,,,,,,,,,,,,,,,,,,,,,,,,,,,,,,,,,,,,,,,,,,,,,,,,,,,,,,,,,,,,,,,,,,,,,,,,,,,,,,,,,,,,,,,,,,,
r000001866928_00,"3,250.000","32,340.000",,,,OG3_OKRFB,,,D3 06,Entwicklungslabor,1,Flex-/ Co-Work/,64.000,192.700,0,,50,0,0,0,0,3.20,H-K-Segel,"3,200",1,3.20 ,,,0 ,0.00 ,,,,0 ,0.00 ,,3.20,,,0 ,0.00,0.00 ,,,0 ,0.00 ,0.00 ,,,,0 ,0.00 ,0.00 ,,0.00 ,3.20 ,,,,,,,40,0,0 ,2.56 ,H-K-Segel,"2,560 ",1 ,2.56 ,,,0 ,0.00 ,,,,0 ,0.00 ,,2.56 ,,,,,,,,,,,,,,,,,,,,,,,,,,,,,,,,,,,,,,,,,,,,,,,,,,,,,,,,,,,,,,,,,,,,,,,,,,,,,,,,,,,,,,,,,,,,,,,,,,,,,,,,,,,,,,,,,,,,,,,,,,,,,,,,,,,,,,,,,,,,,,,,,,,,,,,,,,,,,,,,,,,,,,,,,,,,,,
r000001871248_00,"3,250.000","37,264.000",,,,OG3_OKRFB,,,D3 09,Flex-Work,1,Flex-/ Co-Work/,86.000,259.480,0,,50,0,0,0,0,4.30,H-K-Segel,"4,300",1,4.30 ,,,0 ,0.00 ,,,,0 ,0.00 ,,4.30,,,0 ,0.00,0.00 ,,,0 ,0.00 ,0.00 ,,,,0 ,0.00 ,0.00 ,,0.00 ,4.30 ,,,,,,,40,0,0 ,3.44 ,H-K-Segel,"3,440 ",1 ,3.44 ,,,0 ,0.00 ,,,,0 ,0.00 ,,3.44 ,,,,,,,,,,,,,,,,,,,,,,,,,,,,,,,,,,,,,,,,,,,,,,,,,,,,,,,,,,,,,,,,,,,,,,,,,,,,,,,,,,,,,,,,,,,,,,,,,,,,,,,,,,,,,,,,,,,,,,,,,,,,,,,,,,,,,,,,,,,,,,,,,,,,,,,,,,,,,,,,,,,,,,,,,,,,,,
r000001866922_00,"3,250.000","12,060.000",,,,OG3_OKRFB,,,D3 14,Wiss. Mitarbeiter,2,Einzel-/Zweierbüros,8.000,24.510,0,,50,0,0,0,0,0.40,H-K-Segel,400,1,0.40 ,,,0 ,0.00 ,,,,0 ,0.00 ,,0.40,,,0 ,0.00,0.00 ,,,0 ,0.00 ,0.00 ,,,,0 ,0.00 ,0.00 ,,0.00 ,0.40 ,,,,,,,40,0,0 ,0.32 ,H-K-Segel,320 ,1 ,0.32 ,,,0 ,0.00 ,,,,0 ,0.00 ,,0.32 ,,,,,,,,,,,,,,,,,,,,,,,,,,,,,,,,,,,,,,,,,,,,,,,,,,,,,,,,,,,,,,,,,,,,,,,,,,,,,,,,,,,,,,,,,,,,,,,,,,,,,,,,,,,,,,,,,,,,,,,,,,,,,,,,,,,,,,,,,,,,,,,,,,,,,,,,,,,,,,,,,,,,,,,,,,,,,,
r000001866915_00,"3,250.000","12,150.000",,,,OG3_OKRFB,,,D3 15,Wiss. Mitarbeiter,2,Einzel-/Zweierbüros,8.000,25.040,0,,50,0,0,0,0,0.40,H-K-Segel,400,1,0.40 ,,,0 ,0.00 ,,,,0 ,0.00 ,,0.40,,,0 ,0.00,0.00 ,,,0 ,0.00 ,0.00 ,,,,0 ,0.00 ,0.00 ,,0.00 ,0.40 ,,,,,,,40,0,0 ,0.32 ,H-K-Segel,320 ,1 ,0.32 ,,,0 ,0.00 ,,,,0 ,0.00 ,,0.32 ,,,,,,,,,,,,,,,,,,,,,,,,,,,,,,,,,,,,,,,,,,,,,,,,,,,,,,,,,,,,,,,,,,,,,,,,,,,,,,,,,,,,,,,,,,,,,,,,,,,,,,,,,,,,,,,,,,,,,,,,,,,,,,,,,,,,,,,,,,,,,,,,,,,,,,,,,,,,,,,,,,,,,,,,,,,,,,
r000001866918_00,"3,250.000","12,050.000",,,,OG3_OKRFB,,,D3 16,Wiss. Mitarbeiter,2,Einzel-/Zweierbüros,8.000,24.730,0,,50,0,0,0,0,0.40,H-K-Segel,400,1,0.40 ,,,0 ,0.00 ,,,,0 ,0.00 ,,0.40,,,0 ,0.00,0.00 ,,,0 ,0.00 ,0.00 ,,,,0 ,0.00 ,0.00 ,,0.00 ,0.40 ,,,,,,,40,0,0 ,0.32 ,H-K-Segel,320 ,1 ,0.32 ,,,0 ,0.00 ,,,,0 ,0.00 ,,0.32 ,,,,,,,,,,,,,,,,,,,,,,,,,,,,,,,,,,,,,,,,,,,,,,,,,,,,,,,,,,,,,,,,,,,,,,,,,,,,,,,,,,,,,,,,,,,,,,,,,,,,,,,,,,,,,,,,,,,,,,,,,,,,,,,,,,,,,,,,,,,,,,,,,,,,,,,,,,,,,,,,,,,,,,,,,,,,,,
r000001866914_00,"3,250.000","12,150.000",,,,OG3_OKRFB,,,D3 17,Wiss. Mitarbeiter,2,Einzel-/Zweierbüros,8.000,25.040,0,,50,0,0,0,0,0.40,H-K-Segel,400,1,0.40 ,,,0 ,0.00 ,,,,0 ,0.00 ,,0.40,,,0 ,0.00,0.00 ,,,0 ,0.00 ,0.00 ,,,,0 ,0.00 ,0.00 ,,0.00 ,0.40 ,,,,,,,40,0,0 ,0.32 ,H-K-Segel,320 ,1 ,0.32 ,,,0 ,0.00 ,,,,0 ,0.00 ,,0.32 ,,,,,,,,,,,,,,,,,,,,,,,,,,,,,,,,,,,,,,,,,,,,,,,,,,,,,,,,,,,,,,,,,,,,,,,,,,,,,,,,,,,,,,,,,,,,,,,,,,,,,,,,,,,,,,,,,,,,,,,,,,,,,,,,,,,,,,,,,,,,,,,,,,,,,,,,,,,,,,,,,,,,,,,,,,,,,,
r000001866919_00,"3,250.000","12,050.000",,,,OG3_OKRFB,,,D3 18,Wiss. Mitarbeiter,2,Einzel-/Zweierbüros,8.000,24.730,0,,50,0,0,0,0,0.40,H-K-Segel,400,1,0.40 ,,,0 ,0.00 ,,,,0 ,0.00 ,,0.40,,,0 ,0.00,0.00 ,,,0 ,0.00 ,0.00 ,,,,0 ,0.00 ,0.00 ,,0.00 ,0.40 ,,,,,,,40,0,0 ,0.32 ,H-K-Segel,320 ,1 ,0.32 ,,,0 ,0.00 ,,,,0 ,0.00 ,,0.32 ,,,,,,,,,,,,,,,,,,,,,,,,,,,,,,,,,,,,,,,,,,,,,,,,,,,,,,,,,,,,,,,,,,,,,,,,,,,,,,,,,,,,,,,,,,,,,,,,,,,,,,,,,,,,,,,,,,,,,,,,,,,,,,,,,,,,,,,,,,,,,,,,,,,,,,,,,,,,,,,,,,,,,,,,,,,,,,
r000001866921_00,"3,250.000","16,650.000",,,,OG3_OKRFB,,,D3 19,Doktorand,2,Einzel-/Zweierbüros,17.000,51.870,0,,50,0,0,0,0,0.85,H-K-Segel,850,1,0.85 ,,,0 ,0.00 ,,,,0 ,0.00 ,,0.85,,,0 ,0.00,0.00 ,,,0 ,0.00 ,0.00 ,,,,0 ,0.00 ,0.00 ,,0.00 ,0.85 ,,,,,,,40,0,0 ,0.68 ,H-K-Segel,680 ,1 ,0.68 ,,,0 ,0.00 ,,,,0 ,0.00 ,,0.68 ,,,,,,,,,,,,,,,,,,,,,,,,,,,,,,,,,,,,,,,,,,,,,,,,,,,,,,,,,,,,,,,,,,,,,,,,,,,,,,,,,,,,,,,,,,,,,,,,,,,,,,,,,,,,,,,,,,,,,,,,,,,,,,,,,,,,,,,,,,,,,,,,,,,,,,,,,,,,,,,,,,,,,,,,,,,,,,
r000001866920_00,"3,250.000","16,550.000",,,,OG3_OKRFB,,,D3 21,Allg. & Gruppenleitung,2,Einzel-/Zweierbüros,17.000,51.220,0,,50,0,0,0,0,0.85,H-K-Segel,850,1,0.85 ,,,0 ,0.00 ,,,,0 ,0.00 ,,0.85,,,0 ,0.00,0.00 ,,,0 ,0.00 ,0.00 ,,,,0 ,0.00 ,0.00 ,,0.00 ,0.85 ,,,,,,,40,0,0 ,0.68 ,H-K-Segel,680 ,1 ,0.68 ,,,0 ,0.00 ,,,,0 ,0.00 ,,0.68 ,,,,,,,,,,,,,,,,,,,,,,,,,,,,,,,,,,,,,,,,,,,,,,,,,,,,,,,,,,,,,,,,,,,,,,,,,,,,,,,,,,,,,,,,,,,,,,,,,,,,,,,,,,,,,,,,,,,,,,,,,,,,,,,,,,,,,,,,,,,,,,,,,,,,,,,,,,,,,,,,,,,,,,,,,,,,,,
r000001866917_00,"3,250.000","12,150.000",,,,OG3_OKRFB,,,D3 23,Wiss. Mitarbeiter,2,Einzel-/Zweierbüros,8.000,25.040,0,,50,0,0,0,0,0.40,H-K-Segel,400,1,0.40 ,,,0 ,0.00 ,,,,0 ,0.00 ,,0.40,,,0 ,0.00,0.00 ,,,0 ,0.00 ,0.00 ,,,,0 ,0.00 ,0.00 ,,0.00 ,0.40 ,,,,,,,40,0,0 ,0.32 ,H-K-Segel,320 ,1 ,0.32 ,,,0 ,0.00 ,,,,0 ,0.00 ,,0.32 ,,,,,,,,,,,,,,,,,,,,,,,,,,,,,,,,,,,,,,,,,,,,,,,,,,,,,,,,,,,,,,,,,,,,,,,,,,,,,,,,,,,,,,,,,,,,,,,,,,,,,,,,,,,,,,,,,,,,,,,,,,,,,,,,,,,,,,,,,,,,,,,,,,,,,,,,,,,,,,,,,,,,,,,,,,,,,,
r000001866916_00,"3,250.000","12,050.000",,,,OG3_OKRFB,,,D3 24,Sekretariat,2,Einzel-/Zweierbüros,8.000,24.450,0,,50,0,0,0,0,0.40,H-K-Segel,400,1,0.40 ,,,0 ,0.00 ,,,,0 ,0.00 ,,0.40,,,0 ,0.00,0.00 ,,,0 ,0.00 ,0.00 ,,,,0 ,0.00 ,0.00 ,,0.00 ,0.40 ,,,,,,,40,0,0 ,0.32 ,H-K-Segel,320 ,1 ,0.32 ,,,0 ,0.00 ,,,,0 ,0.00 ,,0.32 ,,,,,,,,,,,,,,,,,,,,,,,,,,,,,,,,,,,,,,,,,,,,,,,,,,,,,,,,,,,,,,,,,,,,,,,,,,,,,,,,,,,,,,,,,,,,,,,,,,,,,,,,,,,,,,,,,,,,,,,,,,,,,,,,,,,,,,,,,,,,,,,,,,,,,,,,,,,,,,,,,,,,,,,,,,,,,,
r000001866908_00,"3,250.000","11,750.000",,,,OG3_OKRFB,,,D3 25,Installationsschacht,18,Schächte,8.000,23.250,0,,0,0,0,0,0,0.00,,,0,0.00 ,,,0 ,0.00 ,,,,0 ,0.00 ,,0.00,,,0 ,0.00,0.00 ,,,0 ,0.00 ,0.00 ,,,,0 ,0.00 ,0.00 ,,0.00 ,0.00 ,,,,,,,0,0,0 ,0.00 ,,,0 ,0.00 ,,,0 ,0.00 ,,,,0 ,0.00 ,,0.00 ,,,,,,,,,,,,,,,,,,,,,,,,,,,,,,,,,,,,,,,,,,,,,,,,,,,,,,,,,,,,,,,,,,,,,,,,,,,,,,,,,,,,,,,,,,,,,,,,,,,,,,,,,,,,,,,,,,,,,,,,,,,,,,,,,,,,,,,,,,,,,,,,,,,,,,,,,,,,,,,,,,,,,,,,,,,,,,
r000001866909_00,"3,250.000","11,750.000",,,,OG3_OKRFB,,,D3 26,Etagenverteiler,13,Etagenverteiler,8.000,23.250,0,,0,0,"3,500",0,0,3.50,ULK,"3,500",1,3.50 ,,,0 ,0.00 ,,,,0 ,0.00 ,,3.50,,,0 ,0.00,0.00 ,,,0 ,0.00 ,0.00 ,,,,0 ,0.00 ,0.00 ,,0.00 ,3.50 ,,,,,,,0,0,0 ,0.00 ,,,0 ,0.00 ,,,0 ,0.00 ,,,,0 ,0.00 ,,0.00 ,,,,,,,,,,,,,,,,,,,,,,,,,,,,,,,,,,,,,,,,,,,,,,,,,,,,,,,,,,,,,,,,,,,,,,,,,,,,,,,,,,,,,,,,,,,,,,,,,,,,,,,,,,,,,,,,,,,,,,,,,,,,,,,,,,,,,,,,,,,,,,,,,,,,,,,,,,,,,,,,,,,,,,,,,,,,,,
r000001871245_00,"3,250.000","62,660.000",,,,OG3_OKRFB,,,D3 27,Flur,6,"Verkehrsflächen, Flure",67.000,202.310,0,,0,0,0,0,0,0.00,,,0,0.00 ,,,0 ,0.00 ,,,,0 ,0.00 ,,0.00,,,0 ,0.00,0.00 ,,,0 ,0.00 ,0.00 ,,,,0 ,0.00 ,0.00 ,,0.00 ,0.00 ,,,,,,,0,0,0 ,0.00 ,,,0 ,0.00 ,,,0 ,0.00 ,,,,0 ,0.00 ,,0.00 ,,,,,,,,,,,,,,,,,,,,,,,,,,,,,,,,,,,,,,,,,,,,,,,,,,,,,,,,,,,,,,,,,,,,,,,,,,,,,,,,,,,,,,,,,,,,,,,,,,,,,,,,,,,,,,,,,,,,,,,,,,,,,,,,,,,,,,,,,,,,,,,,,,,,,,,,,,,,,,,,,,,,,,,,,,,,,,
r000001866929_00,"3,250.000","40,746.000",,,,OG3_OKRFB,,,Mo3 01,Flur,17,Treppenhäuser/Magistrale,57.000,170.760,0,,0,0,0,0,0,0.00,,,0,0.00 ,,,0 ,0.00 ,,,,0 ,0.00 ,,0.00,,,0 ,0.00,0.00 ,,,0 ,0.00 ,0.00 ,,,,0 ,0.00 ,0.00 ,,0.00 ,0.00 ,,,,,,,25,0,0 ,1.43 ,HK,"1,430 ",1 ,1.43 ,,,0 ,0.00 ,,,,0 ,0.00 ,,1.43 ,,,,,,,,,,,,,,,,,,,,,,,,,,,,,,,,,,,,,,,,,,,,,,,,,,,,,,,,,,,,,,,,,,,,,,,,,,,,,,,,,,,,,,,,,,,,,,,,,,,,,,,,,,,,,,,,,,,,,,,,,,,,,,,,,,,,,,,,,,,,,,,,,,,,,,,,,,,,,,,,,,,,,,,,,,,,,,
r000001866927_00,"3,250.000","12,372.000",,,,OG3_OKRFB,,,Mo3 02,Diele,21,Diele,10.000,28.600,0,,0,0,0,0,0,0.00,,,0,0.00 ,,,0 ,0.00 ,,,,0 ,0.00 ,,0.00,,,0 ,0.00,0.00 ,,,0 ,0.00 ,0.00 ,,,,0 ,0.00 ,0.00 ,,0.00 ,0.00 ,,,,,,,40,0,0 ,0.40 ,HK,400 ,1 ,0.40 ,,,0 ,0.00 ,,,,0 ,0.00 ,,0.40 ,,,,,,,,,,,,,,,,,,,,,,,,,,,,,,,,,,,,,,,,,,,,,,,,,,,,,,,,,,,,,,,,,,,,,,,,,,,,,,,,,,,,,,,,,,,,,,,,,,,,,,,,,,,,,,,,,,,,,,,,,,,,,,,,,,,,,,,,,,,,,,,,,,,,,,,,,,,,,,,,,,,,,,,,,,,,,,
r000001866926_00,"3,250.000","11,812.000",,,,OG3_OKRFB,,,Mo3 03,Aufzug,19,Aufzüge,9.000,26.160,0,,0,0,0,0,0,0.00,,,0,0.00 ,,,0 ,0.00 ,,,,0 ,0.00 ,,0.00,,,0 ,0.00,0.00 ,,,0 ,0.00 ,0.00 ,,,,0 ,0.00 ,0.00 ,,0.00 ,0.00 ,,,,,,,0,0,0 ,0.00 ,,,0 ,0.00 ,,,0 ,0.00 ,,,,0 ,0.00 ,,0.00 ,,,,,,,,,,,,,,,,,,,,,,,,,,,,,,,,,,,,,,,,,,,,,,,,,,,,,,,,,,,,,,,,,,,,,,,,,,,,,,,,,,,,,,,,,,,,,,,,,,,,,,,,,,,,,,,,,,,,,,,,,,,,,,,,,,,,,,,,,,,,,,,,,,,,,,,,,,,,,,,,,,,,,,,,,,,,,,
r000001866913_00,"3,250.000","7,328.000",,,,OG3_OKRFB,,,Mo3 04,WC Frauen,8,WCs,3.000,10.050,0,,0,0,0,0,0,0.00,,,0,0.00 ,,,0 ,0.00 ,,,,0 ,0.00 ,,0.00,,,0 ,0.00,0.00 ,,,0 ,0.00 ,0.00 ,,,,0 ,0.00 ,0.00 ,,0.00 ,0.00 ,,,,,,,30,0,0 ,0.09 ,,,0 ,0.00 ,,,0 ,0.00 ,,,,0 ,0.00 ,,0.00 ,,,,,,,,,,,,,,,,,,,,,,,,,,,,,,,,,,,,,,,,,,,,,,,,,,,,,,,,,,,,,,,,,,,,,,,,,,,,,,,,,,,,,,,,,,,,,,,,,,,,,,,,,,,,,,,,,,,,,,,,,,,,,,,,,,,,,,,,,,,,,,,,,,,,,,,,,,,,,,,,,,,,,,,,,,,,,,
r000001866912_00,"3,250.000","5,317.000",,,,OG3_OKRFB,,,Mo3 05,Putzraum,10,Putzmittel/ Lager,2.000,4.750,0,,0,0,0,0,0,0.00,,,0,0.00 ,,,0 ,0.00 ,,,,0 ,0.00 ,,0.00,,,0 ,0.00,0.00 ,,,0 ,0.00 ,0.00 ,,,,0 ,0.00 ,0.00 ,,0.00 ,0.00 ,,,,,,,15,0,0 ,0.03 ,,,,0.00 ,,,0 ,0.00 ,,,,0 ,0.00 ,,0.00 ,,,,,,,,,,,,,,,,,,,,,,,,,,,,,,,,,,,,,,,,,,,,,,,,,,,,,,,,,,,,,,,,,,,,,,,,,,,,,,,,,,,,,,,,,,,,,,,,,,,,,,,,,,,,,,,,,,,,,,,,,,,,,,,,,,,,,,,,,,,,,,,,,,,,,,,,,,,,,,,,,,,,,,,,,,,,,,
r000001866910_00,"3,250.000","5,535.000",,,,OG3_OKRFB,,,Mo3 06,WC Herren,8,WCs,2.000,5.300,0,,0,0,0,0,0,0.00,,,0,0.00 ,,,0 ,0.00 ,,,,0 ,0.00 ,,0.00,,,0 ,0.00,0.00 ,,,0 ,0.00 ,0.00 ,,,,0 ,0.00 ,0.00 ,,0.00 ,0.00 ,,,,,,,30,0,0 ,0.06 ,HK,,,0.00 ,,,0 ,0.00 ,,,,0 ,0.00 ,,0.00 ,,,,,,,,,,,,,,,,,,,,,,,,,,,,,,,,,,,,,,,,,,,,,,,,,,,,,,,,,,,,,,,,,,,,,,,,,,,,,,,,,,,,,,,,,,,,,,,,,,,,,,,,,,,,,,,,,,,,,,,,,,,,,,,,,,,,,,,,,,,,,,,,,,,,,,,,,,,,,,,,,,,,,,,,,,,,,,
r000001866911_00,"3,250.000","7,150.000",,,,OG3_OKRFB,,,MO3 06.1,WC Herren,8,WCs,3.000,9.580,0,,0,0,0,0,0,0.00,,,0,0.00 ,,,0 ,0.00 ,,,,0 ,0.00 ,,0.00,,,0 ,0.00,0.00 ,,,0 ,0.00 ,0.00 ,,,,0 ,0.00 ,0.00 ,,0.00 ,0.00 ,,,,,,,30,0,0 ,0.09 ,HK,150 ,1 ,0.15 ,,,0 ,0.00 ,,,,0 ,0.00 ,,0.15 ,,,,,,,,,,,,,,,,,,,,,,,,,,,,,,,,,,,,,,,,,,,,,,,,,,,,,,,,,,,,,,,,,,,,,,,,,,,,,,,,,,,,,,,,,,,,,,,,,,,,,,,,,,,,,,,,,,,,,,,,,,,,,,,,,,,,,,,,,,,,,,,,,,,,,,,,,,,,,,,,,,,,,,,,,,,,,,
r000001866925_00,"3,250.000","34,381.000",,,,OG3_OKRFB,,,Mw3 01/02,Treppe/Flur,17,Treppenhäuser/Magistrale,41.000,122.900,0,,0,0,0,0,0,0.00,,,0,0.00 ,,,0 ,0.00 ,,,,0 ,0.00 ,,0.00,,,0 ,0.00,0.00 ,,,0 ,0.00 ,0.00 ,,,,0 ,0.00 ,0.00 ,,0.00 ,0.00 ,,,,,,,25,0,0 ,1.03 ,HK,"1,030 ",1 ,1.03 ,,,0 ,0.00 ,,,,0 ,0.00 ,,1.03 ,,,,,,,,,,,,,,,,,,,,,,,,,,,,,,,,,,,,,,,,,,,,,,,,,,,,,,,,,,,,,,,,,,,,,,,,,,,,,,,,,,,,,,,,,,,,,,,,,,,,,,,,,,,,,,,,,,,,,,,,,,,,,,,,,,,,,,,,,,,,,,,,,,,,,,,,,,,,,,,,,,,,,,,,,,,,,,
r000001866924_00,"3,250.000","7,061.000",,,,OG3_OKRFB,,,Mw3 03,Installationsschacht,18,Schächte,3.000,9.280,0,,0,0,0,0,0,0.00,,,0,0.00 ,,,0 ,0.00 ,,,,0 ,0.00 ,,0.00,,,0 ,0.00,0.00 ,,,0 ,0.00 ,0.00 ,,,,0 ,0.00 ,0.00 ,,0.00 ,0.00 ,,,,,,,0,0,0 ,0.00 ,,,0 ,0.00 ,,,0 ,0.00 ,,,,0 ,0.00 ,,0.00 ,,,,,,,,,,,,,,,,,,,,,,,,,,,,,,,,,,,,,,,,,,,,,,,,,,,,,,,,,,,,,,,,,,,,,,,,,,,,,,,,,,,,,,,,,,,,,,,,,,,,,,,,,,,,,,,,,,,,,,,,,,,,,,,,,,,,,,,,,,,,,,,,,,,,,,,,,,,,,,,,,,,,,,,,,,,,,,
r000001866923_00,"3,250.000","6,840.000",,,,OG3_OKRFB,,,Mw3 04,ELT,14,ELT-Schacht,3.000,8.750,0,,0,0,0,0,0,0.00,,,0,0.00 ,,,0 ,0.00 ,,,,0 ,0.00 ,,0.00,,,0 ,0.00,0.00 ,,,0 ,0.00 ,0.00 ,,,,0 ,0.00 ,0.00 ,,0.00 ,0.00 ,,,,,,,0,0,0 ,0.00 ,,,0 ,0.00 ,,,0 ,0.00 ,,,,0 ,0.00 ,,0.00 ,,,,,,,,,,,,,,,,,,,,,,,,,,,,,,,,,,,,,,,,,,,,,,,,,,,,,,,,,,,,,,,,,,,,,,,,,,,,,,,,,,,,,,,,,,,,,,,,,,,,,,,,,,,,,,,,,,,,,,,,,,,,,,,,,,,,,,,,,,,,,,,,,,,,,,,,,,,,,,,,,,,,,,,,,,,,,,
r000001866963_00,"3,250.000","72,050.000",,,,OG4_OKRFB,,,D4 01/04/10,Social-Area/Flex-Work/Co-Work,1,Flex-/ Co-Work/,176.000,527.690,0,,50,0,0,0,0,8.80,H-K-Segel,"8,800",1,8.80 ,,,0 ,0.00 ,,,,0 ,0.00 ,,8.80,,,0 ,0.00,0.00 ,,,0 ,0.00 ,0.00 ,,,,0 ,0.00 ,0.00 ,,0.00 ,8.80 ,,,,,,,40,0,0 ,7.04 ,H-K-Segel,"7,040 ",1 ,7.04 ,,,0 ,0.00 ,,,,0 ,0.00 ,,7.04 ,,,,,,,,,,,,,,,,,,,,,,,,,,,,,,,,,,,,,,,,,,,,,,,,,,,,,,,,,,,,,,,,,,,,,,,,,,,,,,,,,,,,,,,,,,,,,,,,,,,,,,,,,,,,,,,,,,,,,,,,,,,,,,,,,,,,,,,,,,,,,,,,,,,,,,,,,,,,,,,,,,,,,,,,,,,,,,
r000001872430_00,"3,250.000","62,660.000",,,,OG4_OKRFB,,,D4 07,Flur,6,"Verkehrsflächen, Flure",67.000,202.310,0,,0,0,0,0,0,0.00,,,0,0.00 ,,,0 ,0.00 ,,,,0 ,0.00 ,,0.00,,,0 ,0.00,0.00 ,,,0 ,0.00 ,0.00 ,,,,0 ,0.00 ,0.00 ,,0.00 ,0.00 ,,,,,,,0,0,0 ,0.00 ,,,0 ,0.00 ,,,0 ,0.00 ,,,,0 ,0.00 ,,0.00 ,,,,,,,,,,,,,,,,,,,,,,,,,,,,,,,,,,,,,,,,,,,,,,,,,,,,,,,,,,,,,,,,,,,,,,,,,,,,,,,,,,,,,,,,,,,,,,,,,,,,,,,,,,,,,,,,,,,,,,,,,,,,,,,,,,,,,,,,,,,,,,,,,,,,,,,,,,,,,,,,,,,,,,,,,,,,,,
r000001866965_00,"3,250.000","12,540.000",,,,OG4_OKRFB,,,D4 14,Wiss.Mitarbeiter,2,Einzel-/Zweierbüros,9.000,25.990,0,,50,0,0,0,0,0.45,H-K-Segel,450,1,0.45 ,,,0 ,0.00 ,,,,0 ,0.00 ,,0.45,,,0 ,0.00,0.00 ,,,0 ,0.00 ,0.00 ,,,,0 ,0.00 ,0.00 ,,0.00 ,0.45 ,,,,,,,40,0,0 ,0.36 ,H-K-Segel,360 ,1 ,0.36 ,,,0 ,0.00 ,,,,0 ,0.00 ,,0.36 ,,,,,,,,,,,,,,,,,,,,,,,,,,,,,,,,,,,,,,,,,,,,,,,,,,,,,,,,,,,,,,,,,,,,,,,,,,,,,,,,,,,,,,,,,,,,,,,,,,,,,,,,,,,,,,,,,,,,,,,,,,,,,,,,,,,,,,,,,,,,,,,,,,,,,,,,,,,,,,,,,,,,,,,,,,,,,,
r000001866966_00,"3,250.000","12,630.000",,,,OG4_OKRFB,,,D4 15,Wiss.Mitarbeiter,2,Einzel-/Zweierbüros,9.000,26.550,0,,50,0,0,0,0,0.45,H-K-Segel,450,1,0.45 ,,,0 ,0.00 ,,,,0 ,0.00 ,,0.45,,,0 ,0.00,0.00 ,,,0 ,0.00 ,0.00 ,,,,0 ,0.00 ,0.00 ,,0.00 ,0.45 ,,,,,,,40,0,0 ,0.36 ,H-K-Segel,360 ,1 ,0.36 ,,,0 ,0.00 ,,,,0 ,0.00 ,,0.36 ,,,,,,,,,,,,,,,,,,,,,,,,,,,,,,,,,,,,,,,,,,,,,,,,,,,,,,,,,,,,,,,,,,,,,,,,,,,,,,,,,,,,,,,,,,,,,,,,,,,,,,,,,,,,,,,,,,,,,,,,,,,,,,,,,,,,,,,,,,,,,,,,,,,,,,,,,,,,,,,,,,,,,,,,,,,,,,
r000001866967_00,"3,250.000","12,530.000",,,,OG4_OKRFB,,,D4 16,Wiss.Mitarbeiter,2,Einzel-/Zweierbüros,9.000,26.240,0,,50,0,0,0,0,0.45,H-K-Segel,450,1,0.45 ,,,0 ,0.00 ,,,,0 ,0.00 ,,0.45,,,0 ,0.00,0.00 ,,,0 ,0.00 ,0.00 ,,,,0 ,0.00 ,0.00 ,,0.00 ,0.45 ,,,,,,,40,0,0 ,0.36 ,H-K-Segel,360 ,1 ,0.36 ,,,0 ,0.00 ,,,,0 ,0.00 ,,0.36 ,,,,,,,,,,,,,,,,,,,,,,,,,,,,,,,,,,,,,,,,,,,,,,,,,,,,,,,,,,,,,,,,,,,,,,,,,,,,,,,,,,,,,,,,,,,,,,,,,,,,,,,,,,,,,,,,,,,,,,,,,,,,,,,,,,,,,,,,,,,,,,,,,,,,,,,,,,,,,,,,,,,,,,,,,,,,,,
r000001866968_00,"3,250.000","12,630.000",,,,OG4_OKRFB,,,D4 17,Wiss.Mitarbeiter,2,Einzel-/Zweierbüros,9.000,26.550,0,,50,0,0,0,0,0.45,H-K-Segel,450,1,0.45 ,,,0 ,0.00 ,,,,0 ,0.00 ,,0.45,,,0 ,0.00,0.00 ,,,0 ,0.00 ,0.00 ,,,,0 ,0.00 ,0.00 ,,0.00 ,0.45 ,,,,,,,40,0,0 ,0.36 ,H-K-Segel,360 ,1 ,0.36 ,,,0 ,0.00 ,,,,0 ,0.00 ,,0.36 ,,,,,,,,,,,,,,,,,,,,,,,,,,,,,,,,,,,,,,,,,,,,,,,,,,,,,,,,,,,,,,,,,,,,,,,,,,,,,,,,,,,,,,,,,,,,,,,,,,,,,,,,,,,,,,,,,,,,,,,,,,,,,,,,,,,,,,,,,,,,,,,,,,,,,,,,,,,,,,,,,,,,,,,,,,,,,,
r000001866969_00,"3,250.000","12,530.000",,,,OG4_OKRFB,,,D4 18,Wiss.Mitarbeiter,2,Einzel-/Zweierbüros,9.000,26.240,0,,50,0,0,0,0,0.45,H-K-Segel,450,1,0.45 ,,,0 ,0.00 ,,,,0 ,0.00 ,,0.45,,,0 ,0.00,0.00 ,,,0 ,0.00 ,0.00 ,,,,0 ,0.00 ,0.00 ,,0.00 ,0.45 ,,,,,,,40,0,0 ,0.36 ,H-K-Segel,360 ,1 ,0.36 ,,,0 ,0.00 ,,,,0 ,0.00 ,,0.36 ,,,,,,,,,,,,,,,,,,,,,,,,,,,,,,,,,,,,,,,,,,,,,,,,,,,,,,,,,,,,,,,,,,,,,,,,,,,,,,,,,,,,,,,,,,,,,,,,,,,,,,,,,,,,,,,,,,,,,,,,,,,,,,,,,,,,,,,,,,,,,,,,,,,,,,,,,,,,,,,,,,,,,,,,,,,,,,
r000001866970_00,"3,250.000","12,630.000",,,,OG4_OKRFB,,,D4 19,Wiss.Mitarbeiter,2,Einzel-/Zweierbüros,9.000,26.550,0,,50,0,0,0,0,0.45,H-K-Segel,450,1,0.45 ,,,0 ,0.00 ,,,,0 ,0.00 ,,0.45,,,0 ,0.00,0.00 ,,,0 ,0.00 ,0.00 ,,,,0 ,0.00 ,0.00 ,,0.00 ,0.45 ,,,,,,,40,0,0 ,0.36 ,H-K-Segel,360 ,1 ,0.36 ,,,0 ,0.00 ,,,,0 ,0.00 ,,0.36 ,,,,,,,,,,,,,,,,,,,,,,,,,,,,,,,,,,,,,,,,,,,,,,,,,,,,,,,,,,,,,,,,,,,,,,,,,,,,,,,,,,,,,,,,,,,,,,,,,,,,,,,,,,,,,,,,,,,,,,,,,,,,,,,,,,,,,,,,,,,,,,,,,,,,,,,,,,,,,,,,,,,,,,,,,,,,,,
r000001866971_00,"3,250.000","12,630.000",,,,OG4_OKRFB,,,D4 20,Wiss.Mitarbeiter,2,Einzel-/Zweierbüros,9.000,26.550,0,,50,0,0,0,0,0.45,H-K-Segel,450,1,0.45 ,,,0 ,0.00 ,,,,0 ,0.00 ,,0.45,,,0 ,0.00,0.00 ,,,0 ,0.00 ,0.00 ,,,,0 ,0.00 ,0.00 ,,0.00 ,0.45 ,,,,,,,40,0,0 ,0.36 ,H-K-Segel,360 ,1 ,0.36 ,,,0 ,0.00 ,,,,0 ,0.00 ,,0.36 ,,,,,,,,,,,,,,,,,,,,,,,,,,,,,,,,,,,,,,,,,,,,,,,,,,,,,,,,,,,,,,,,,,,,,,,,,,,,,,,,,,,,,,,,,,,,,,,,,,,,,,,,,,,,,,,,,,,,,,,,,,,,,,,,,,,,,,,,,,,,,,,,,,,,,,,,,,,,,,,,,,,,,,,,,,,,,,
r000001866972_00,"3,250.000","17,030.000",,,,OG4_OKRFB,,,D4 21,Allg. & Gruppenleitung,2,Einzel-/Zweierbüros,18.000,54.350,0,,50,0,0,0,0,0.90,H-K-Segel,900,1,0.90 ,,,0 ,0.00 ,,,,0 ,0.00 ,,0.90,,,0 ,0.00,0.00 ,,,0 ,0.00 ,0.00 ,,,,0 ,0.00 ,0.00 ,,0.00 ,0.90 ,,,,,,,40,0,0 ,0.72 ,H-K-Segel,720 ,1 ,0.72 ,,,0 ,0.00 ,,,,0 ,0.00 ,,0.72 ,,,,,,,,,,,,,,,,,,,,,,,,,,,,,,,,,,,,,,,,,,,,,,,,,,,,,,,,,,,,,,,,,,,,,,,,,,,,,,,,,,,,,,,,,,,,,,,,,,,,,,,,,,,,,,,,,,,,,,,,,,,,,,,,,,,,,,,,,,,,,,,,,,,,,,,,,,,,,,,,,,,,,,,,,,,,,,
r000001866973_00,"3,250.000","12,630.000",,,,OG4_OKRFB,,,D4 23,Wiss.Mitarbeiter,2,Einzel-/Zweierbüros,9.000,26.550,0,,50,0,0,0,0,0.45,H-K-Segel,450,1,0.45 ,,,0 ,0.00 ,,,,0 ,0.00 ,,0.45,,,0 ,0.00,0.00 ,,,0 ,0.00 ,0.00 ,,,,0 ,0.00 ,0.00 ,,0.00 ,0.45 ,,,,,,,40,0,0 ,0.36 ,H-K-Segel,360 ,1 ,0.36 ,,,0 ,0.00 ,,,,0 ,0.00 ,,0.36 ,,,,,,,,,,,,,,,,,,,,,,,,,,,,,,,,,,,,,,,,,,,,,,,,,,,,,,,,,,,,,,,,,,,,,,,,,,,,,,,,,,,,,,,,,,,,,,,,,,,,,,,,,,,,,,,,,,,,,,,,,,,,,,,,,,,,,,,,,,,,,,,,,,,,,,,,,,,,,,,,,,,,,,,,,,,,,,
r000001866974_00,"3,250.000","12,530.000",,,,OG4_OKRFB,,,D4 24,Techniker,2,Einzel-/Zweierbüros,9.000,25.920,0,,50,0,0,0,0,0.45,H-K-Segel,450,1,0.45 ,,,0 ,0.00 ,,,,0 ,0.00 ,,0.45,,,0 ,0.00,0.00 ,,,0 ,0.00 ,0.00 ,,,,0 ,0.00 ,0.00 ,,0.00 ,0.45 ,,,,,,,40,0,0 ,0.36 ,H-K-Segel,360 ,1 ,0.36 ,,,0 ,0.00 ,,,,0 ,0.00 ,,0.36 ,,,,,,,,,,,,,,,,,,,,,,,,,,,,,,,,,,,,,,,,,,,,,,,,,,,,,,,,,,,,,,,,,,,,,,,,,,,,,,,,,,,,,,,,,,,,,,,,,,,,,,,,,,,,,,,,,,,,,,,,,,,,,,,,,,,,,,,,,,,,,,,,,,,,,,,,,,,,,,,,,,,,,,,,,,,,,,
r000001866976_00,"3,250.000","11,748.000",,,,OG4_OKRFB,,,D4 25,Installationsschacht,18,Schächte,8.000,23.240,0,,0,0,0,0,0,0.00,,,0,0.00 ,,,0 ,0.00 ,,,,0 ,0.00 ,,0.00,,,0 ,0.00,0.00 ,,,0 ,0.00 ,0.00 ,,,,0 ,0.00 ,0.00 ,,0.00 ,0.00 ,,,,,,,0,0,0 ,0.00 ,,,0 ,0.00 ,,,0 ,0.00 ,,,,0 ,0.00 ,,0.00 ,,,,,,,,,,,,,,,,,,,,,,,,,,,,,,,,,,,,,,,,,,,,,,,,,,,,,,,,,,,,,,,,,,,,,,,,,,,,,,,,,,,,,,,,,,,,,,,,,,,,,,,,,,,,,,,,,,,,,,,,,,,,,,,,,,,,,,,,,,,,,,,,,,,,,,,,,,,,,,,,,,,,,,,,,,,,,,
r000001866977_00,"3,250.000","11,748.000",,,,OG4_OKRFB,,,D4 26,Etagenverteiler,13,Etagenverteiler,8.000,23.240,0,,0,0,"3,500",0,0,3.50,ULK,"3,500",1,3.50 ,,,0 ,0.00 ,,,,0 ,0.00 ,,3.50,,,0 ,0.00,0.00 ,,,0 ,0.00 ,0.00 ,,,,0 ,0.00 ,0.00 ,,0.00 ,3.50 ,,,,,,,0,0,0 ,0.00 ,,,0 ,0.00 ,,,0 ,0.00 ,,,,0 ,0.00 ,,0.00 ,,,,,,,,,,,,,,,,,,,,,,,,,,,,,,,,,,,,,,,,,,,,,,,,,,,,,,,,,,,,,,,,,,,,,,,,,,,,,,,,,,,,,,,,,,,,,,,,,,,,,,,,,,,,,,,,,,,,,,,,,,,,,,,,,,,,,,,,,,,,,,,,,,,,,,,,,,,,,,,,,,,,,,,,,,,,,,
r000001866975_00,"3,250.000","41,045.000",,,,OG4_OKRFB,,,Mo4 01,Flur,17,Treppenhäuser/Magistrale,57.000,172.350,0,,0,0,0,0,0,0.00,,,0,0.00 ,,,0 ,0.00 ,,,,0 ,0.00 ,,0.00,,,0 ,0.00,0.00 ,,,0 ,0.00 ,0.00 ,,,,0 ,0.00 ,0.00 ,,0.00 ,0.00 ,,,,,,,25,0,0 ,1.43 ,HK,"1,430 ",1 ,1.43 ,,,0 ,0.00 ,,,,0 ,0.00 ,,1.43 ,,,,,,,,,,,,,,,,,,,,,,,,,,,,,,,,,,,,,,,,,,,,,,,,,,,,,,,,,,,,,,,,,,,,,,,,,,,,,,,,,,,,,,,,,,,,,,,,,,,,,,,,,,,,,,,,,,,,,,,,,,,,,,,,,,,,,,,,,,,,,,,,,,,,,,,,,,,,,,,,,,,,,,,,,,,,,,
r000001866959_00,"3,250.000","12,355.000",,,,OG4_OKRFB,,,Mo4 02,Putzmittel / Lager,10,Putzmittel/ Lager,10.000,28.520,0,,0,0,0,0,0,0.00,,,0,0.00 ,,,0 ,0.00 ,,,,0 ,0.00 ,,0.00,,,0 ,0.00,0.00 ,,,0 ,0.00 ,0.00 ,,,,0 ,0.00 ,0.00 ,,0.00 ,0.00 ,,,,,,,15,0,0 ,0.15 ,,,,0.00 ,,,0 ,0.00 ,,,,0 ,0.00 ,,0.00 ,,,,,,,,,,,,,,,,,,,,,,,,,,,,,,,,,,,,,,,,,,,,,,,,,,,,,,,,,,,,,,,,,,,,,,,,,,,,,,,,,,,,,,,,,,,,,,,,,,,,,,,,,,,,,,,,,,,,,,,,,,,,,,,,,,,,,,,,,,,,,,,,,,,,,,,,,,,,,,,,,,,,,,,,,,,,,,
r000001866960_00,"3,250.000","11,815.000",,,,OG4_OKRFB,,,MO4 03,Aufzug,19,Aufzüge,9.000,26.170,0,,0,0,0,0,0,0.00,,,0,0.00 ,,,0 ,0.00 ,,,,0 ,0.00 ,,0.00,,,0 ,0.00,0.00 ,,,0 ,0.00 ,0.00 ,,,,0 ,0.00 ,0.00 ,,0.00 ,0.00 ,,,,,,,0,0,0 ,0.00 ,,,0 ,0.00 ,,,0 ,0.00 ,,,,0 ,0.00 ,,0.00 ,,,,,,,,,,,,,,,,,,,,,,,,,,,,,,,,,,,,,,,,,,,,,,,,,,,,,,,,,,,,,,,,,,,,,,,,,,,,,,,,,,,,,,,,,,,,,,,,,,,,,,,,,,,,,,,,,,,,,,,,,,,,,,,,,,,,,,,,,,,,,,,,,,,,,,,,,,,,,,,,,,,,,,,,,,,,,,
r000001866962_00,"3,250.000","7,328.000",,,,OG4_OKRFB,,,Mo4 04,WC Frauen,8,WCs,3.000,10.050,0,,0,0,0,0,0,0.00,,,0,0.00 ,,,0 ,0.00 ,,,,0 ,0.00 ,,0.00,,,0 ,0.00,0.00 ,,,0 ,0.00 ,0.00 ,,,,0 ,0.00 ,0.00 ,,0.00 ,0.00 ,,,,,,,30,0,0 ,0.09 ,,,0 ,0.00 ,,,0 ,0.00 ,,,,0 ,0.00 ,,0.00 ,,,,,,,,,,,,,,,,,,,,,,,,,,,,,,,,,,,,,,,,,,,,,,,,,,,,,,,,,,,,,,,,,,,,,,,,,,,,,,,,,,,,,,,,,,,,,,,,,,,,,,,,,,,,,,,,,,,,,,,,,,,,,,,,,,,,,,,,,,,,,,,,,,,,,,,,,,,,,,,,,,,,,,,,,,,,,,
r000001866961_00,"3,250.000","5,317.000",,,,OG4_OKRFB,,,MO4 05,Putzraum,10,Putzmittel/ Lager,2.000,4.750,0,,0,0,0,0,0,0.00,,,0,0.00 ,,,0 ,0.00 ,,,,0 ,0.00 ,,0.00,,,0 ,0.00,0.00 ,,,0 ,0.00 ,0.00 ,,,,0 ,0.00 ,0.00 ,,0.00 ,0.00 ,,,,,,,15,0,0 ,0.03 ,,,,0.00 ,,,0 ,0.00 ,,,,0 ,0.00 ,,0.00 ,,,,,,,,,,,,,,,,,,,,,,,,,,,,,,,,,,,,,,,,,,,,,,,,,,,,,,,,,,,,,,,,,,,,,,,,,,,,,,,,,,,,,,,,,,,,,,,,,,,,,,,,,,,,,,,,,,,,,,,,,,,,,,,,,,,,,,,,,,,,,,,,,,,,,,,,,,,,,,,,,,,,,,,,,,,,,,
r000001866979_00,"3,250.000","5,533.000",,,,OG4_OKRFB,,,Mo4 06,WC Herren,8,WCs,2.000,5.300,0,,0,0,0,0,0,0.00,,,0,0.00 ,,,0 ,0.00 ,,,,0 ,0.00 ,,0.00,,,0 ,0.00,0.00 ,,,0 ,0.00 ,0.00 ,,,,0 ,0.00 ,0.00 ,,0.00 ,0.00 ,,,,,,,30,0,0 ,0.06 ,HK,,,0.00 ,,,0 ,0.00 ,,,,0 ,0.00 ,,0.00 ,,,,,,,,,,,,,,,,,,,,,,,,,,,,,,,,,,,,,,,,,,,,,,,,,,,,,,,,,,,,,,,,,,,,,,,,,,,,,,,,,,,,,,,,,,,,,,,,,,,,,,,,,,,,,,,,,,,,,,,,,,,,,,,,,,,,,,,,,,,,,,,,,,,,,,,,,,,,,,,,,,,,,,,,,,,,,,
r000001866978_00,"3,250.000","7,148.000",,,,OG4_OKRFB,,,MO4 06.1,WC Herren,8,WCs,3.000,9.580,0,,0,0,0,0,0,0.00,,,0,0.00 ,,,0 ,0.00 ,,,,0 ,0.00 ,,0.00,,,0 ,0.00,0.00 ,,,0 ,0.00 ,0.00 ,,,,0 ,0.00 ,0.00 ,,0.00 ,0.00 ,,,,,,,30,0,0 ,0.09 ,HK,150 ,1 ,0.15 ,,,0 ,0.00 ,,,,0 ,0.00 ,,0.15 ,,,,,,,,,,,,,,,,,,,,,,,,,,,,,,,,,,,,,,,,,,,,,,,,,,,,,,,,,,,,,,,,,,,,,,,,,,,,,,,,,,,,,,,,,,,,,,,,,,,,,,,,,,,,,,,,,,,,,,,,,,,,,,,,,,,,,,,,,,,,,,,,,,,,,,,,,,,,,,,,,,,,,,,,,,,,,,
r000001866981_00,"3,250.000","34,382.000",,,,OG4_OKRFB,,,Mw4 01/02,Treppe/Flur,17,Treppenhäuser/Magistrale,41.000,122.920,0,,0,0,0,0,0,0.00,,,0,0.00 ,,,0 ,0.00 ,,,,0 ,0.00 ,,0.00,,,0 ,0.00,0.00 ,,,0 ,0.00 ,0.00 ,,,,0 ,0.00 ,0.00 ,,0.00 ,0.00 ,,,,,,,25,0,0 ,1.03 ,HK,"1,030 ",1 ,1.03 ,,,0 ,0.00 ,,,,0 ,0.00 ,,1.03 ,,,,,,,,,,,,,,,,,,,,,,,,,,,,,,,,,,,,,,,,,,,,,,,,,,,,,,,,,,,,,,,,,,,,,,,,,,,,,,,,,,,,,,,,,,,,,,,,,,,,,,,,,,,,,,,,,,,,,,,,,,,,,,,,,,,,,,,,,,,,,,,,,,,,,,,,,,,,,,,,,,,,,,,,,,,,,,
r000001866964_00,"3,250.000","7,060.000",,,,OG4_OKRFB,,,Mw4 03,Installationsschacht,18,Schächte,3.000,9.280,0,,0,0,0,0,0,0.00,,,0,0.00 ,,,0 ,0.00 ,,,,0 ,0.00 ,,0.00,,,0 ,0.00,0.00 ,,,0 ,0.00 ,0.00 ,,,,0 ,0.00 ,0.00 ,,0.00 ,0.00 ,,,,,,,0,0,0 ,0.00 ,,,0 ,0.00 ,,,0 ,0.00 ,,,,0 ,0.00 ,,0.00 ,,,,,,,,,,,,,,,,,,,,,,,,,,,,,,,,,,,,,,,,,,,,,,,,,,,,,,,,,,,,,,,,,,,,,,,,,,,,,,,,,,,,,,,,,,,,,,,,,,,,,,,,,,,,,,,,,,,,,,,,,,,,,,,,,,,,,,,,,,,,,,,,,,,,,,,,,,,,,,,,,,,,,,,,,,,,,,
r000001866980_00,"3,250.000","6,840.000",,,,OG4_OKRFB,,,Mw4 04,ELT,14,ELT-Schacht,3.000,8.750,0,,0,0,0,0,0,0.00,,,0,0.00 ,,,0 ,0.00 ,,,,0 ,0.00 ,,0.00,,,0 ,0.00,0.00 ,,,0 ,0.00 ,0.00 ,,,,0 ,0.00 ,0.00 ,,0.00 ,0.00 ,,,,,,,0,0,0 ,0.00 ,,,0 ,0.00 ,,,0 ,0.00 ,,,,0 ,0.00 ,,0.00 ,,,,,,,,,,,,,,,,,,,,,,,,,,,,,,,,,,,,,,,,,,,,,,,,,,,,,,,,,,,,,,,,,,,,,,,,,,,,,,,,,,,,,,,,,,,,,,,,,,,,,,,,,,,,,,,,,,,,,,,,,,,,,,,,,,,,,,,,,,,,,,,,,,,,,,,,,,,,,,,,,,,,,,,,,,,,,,
r000001872922_00,"3,250.000","18,165.000",,,,OG5_OKRFB,,,D5 01a/b/c,Post/Teeküche/Kopierer,1,Flex-/ Co-Work/,15.000,43.700,0,,50,0,0,0,0,0.75,H-K-Segel,750,1,0.75 ,,,0 ,0.00 ,,,,0 ,0.00 ,,0.75,,,0 ,0.00,0.00 ,,,0 ,0.00 ,0.00 ,,,,0 ,0.00 ,0.00 ,,0.00 ,0.75 ,,,,,,,40,0,0 ,0.60 ,H-K-Segel,600 ,1 ,0.60 ,,,0 ,0.00 ,,,,0 ,0.00 ,,0.60 ,,,,,,,,,,,,,,,,,,,,,,,,,,,,,,,,,,,,,,,,,,,,,,,,,,,,,,,,,,,,,,,,,,,,,,,,,,,,,,,,,,,,,,,,,,,,,,,,,,,,,,,,,,,,,,,,,,,,,,,,,,,,,,,,,,,,,,,,,,,,,,,,,,,,,,,,,,,,,,,,,,,,,,,,,,,,,,
r000001867031_00,"3,250.000","31,440.000",,,,OG5_OKRFB,,,D5 02,Seminarraum,20,Serminarraum,61.000,182.090,0,,50,0,0,0,0,3.05,H-K-Segel,"3,050",1,3.05 ,,,0 ,0.00 ,,,,0 ,0.00 ,,3.05,,,0 ,0.00,0.00 ,,,0 ,0.00 ,0.00 ,,,,0 ,0.00 ,0.00 ,,0.00 ,3.05 ,,,,,,,40,0,0 ,2.44 ,H-K-Segel,"2,440 ",1 ,2.44 ,,,0 ,0.00 ,,,,0 ,0.00 ,,2.44 ,,,,,,,,,,,,,,,,,,,,,,,,,,,,,,,,,,,,,,,,,,,,,,,,,,,,,,,,,,,,,,,,,,,,,,,,,,,,,,,,,,,,,,,,,,,,,,,,,,,,,,,,,,,,,,,,,,,,,,,,,,,,,,,,,,,,,,,,,,,,,,,,,,,,,,,,,,,,,,,,,,,,,,,,,,,,,,
r000001867032_00,"3,250.000","31,440.000",,,,OG5_OKRFB,,,D5 06,Seminarraum,20,Serminarraum,61.000,182.090,0,,50,0,0,0,0,3.05,H-K-Segel,"3,050",1,3.05 ,,,0 ,0.00 ,,,,0 ,0.00 ,,3.05,,,0 ,0.00,0.00 ,,,0 ,0.00 ,0.00 ,,,,0 ,0.00 ,0.00 ,,0.00 ,3.05 ,,,,,,,40,0,0 ,2.44 ,H-K-Segel,"2,440 ",1 ,2.44 ,,,0 ,0.00 ,,,,0 ,0.00 ,,2.44 ,,,,,,,,,,,,,,,,,,,,,,,,,,,,,,,,,,,,,,,,,,,,,,,,,,,,,,,,,,,,,,,,,,,,,,,,,,,,,,,,,,,,,,,,,,,,,,,,,,,,,,,,,,,,,,,,,,,,,,,,,,,,,,,,,,,,,,,,,,,,,,,,,,,,,,,,,,,,,,,,,,,,,,,,,,,,,,
r000001867030_00,"3,250.000","31,300.000",,,,OG5_OKRFB,,,D5 10,Seminarraum,20,Serminarraum,60.000,180.660,0,,50,0,0,0,0,3.00,H-K-Segel,"3,000",1,3.00 ,,,0 ,0.00 ,,,,0 ,0.00 ,,3.00,,,0 ,0.00,0.00 ,,,0 ,0.00 ,0.00 ,,,,0 ,0.00 ,0.00 ,,0.00 ,3.00 ,,,,,,,40,0,0 ,2.40 ,H-K-Segel,"2,400 ",1 ,2.40 ,,,0 ,0.00 ,,,,0 ,0.00 ,,2.40 ,,,,,,,,,,,,,,,,,,,,,,,,,,,,,,,,,,,,,,,,,,,,,,,,,,,,,,,,,,,,,,,,,,,,,,,,,,,,,,,,,,,,,,,,,,,,,,,,,,,,,,,,,,,,,,,,,,,,,,,,,,,,,,,,,,,,,,,,,,,,,,,,,,,,,,,,,,,,,,,,,,,,,,,,,,,,,,
r000001867021_00,"3,250.000","12,530.000",,,,OG5_OKRFB,,,D5 17,Wiss. Mitarbeiter,2,Einzel-/Zweierbüros,9.000,26.240,0,,50,0,0,0,0,0.45,H-K-Segel,450,1,0.45 ,,,0 ,0.00 ,,,,0 ,0.00 ,,0.45,,,0 ,0.00,0.00 ,,,0 ,0.00 ,0.00 ,,,,0 ,0.00 ,0.00 ,,0.00 ,0.45 ,,,,,,,40,0,0 ,0.36 ,H-K-Segel,360 ,1 ,0.36 ,,,0 ,0.00 ,,,,0 ,0.00 ,,0.36 ,,,,,,,,,,,,,,,,,,,,,,,,,,,,,,,,,,,,,,,,,,,,,,,,,,,,,,,,,,,,,,,,,,,,,,,,,,,,,,,,,,,,,,,,,,,,,,,,,,,,,,,,,,,,,,,,,,,,,,,,,,,,,,,,,,,,,,,,,,,,,,,,,,,,,,,,,,,,,,,,,,,,,,,,,,,,,,
r000001867022_00,"3,250.000","12,530.000",,,,OG5_OKRFB,,,D5 18,Wiss. Mitarbeiter,2,Einzel-/Zweierbüros,9.000,26.240,0,,50,0,0,0,0,0.45,H-K-Segel,450,1,0.45 ,,,0 ,0.00 ,,,,0 ,0.00 ,,0.45,,,0 ,0.00,0.00 ,,,0 ,0.00 ,0.00 ,,,,0 ,0.00 ,0.00 ,,0.00 ,0.45 ,,,,,,,40,0,0 ,0.36 ,H-K-Segel,360 ,1 ,0.36 ,,,0 ,0.00 ,,,,0 ,0.00 ,,0.36 ,,,,,,,,,,,,,,,,,,,,,,,,,,,,,,,,,,,,,,,,,,,,,,,,,,,,,,,,,,,,,,,,,,,,,,,,,,,,,,,,,,,,,,,,,,,,,,,,,,,,,,,,,,,,,,,,,,,,,,,,,,,,,,,,,,,,,,,,,,,,,,,,,,,,,,,,,,,,,,,,,,,,,,,,,,,,,,
r000001867023_00,"3,250.000","12,630.000",,,,OG5_OKRFB,,,D5 19,Wiss. Mitarbeiter,2,Einzel-/Zweierbüros,9.000,26.550,0,,50,0,0,0,0,0.45,H-K-Segel,450,1,0.45 ,,,0 ,0.00 ,,,,0 ,0.00 ,,0.45,,,0 ,0.00,0.00 ,,,0 ,0.00 ,0.00 ,,,,0 ,0.00 ,0.00 ,,0.00 ,0.45 ,,,,,,,40,0,0 ,0.36 ,H-K-Segel,360 ,1 ,0.36 ,,,0 ,0.00 ,,,,0 ,0.00 ,,0.36 ,,,,,,,,,,,,,,,,,,,,,,,,,,,,,,,,,,,,,,,,,,,,,,,,,,,,,,,,,,,,,,,,,,,,,,,,,,,,,,,,,,,,,,,,,,,,,,,,,,,,,,,,,,,,,,,,,,,,,,,,,,,,,,,,,,,,,,,,,,,,,,,,,,,,,,,,,,,,,,,,,,,,,,,,,,,,,,
r000001867024_00,"3,250.000","12,630.000",,,,OG5_OKRFB,,,D5 20,Wiss. Mitarbeiter,2,Einzel-/Zweierbüros,9.000,26.550,0,,50,0,0,0,0,0.45,H-K-Segel,450,1,0.45 ,,,0 ,0.00 ,,,,0 ,0.00 ,,0.45,,,0 ,0.00,0.00 ,,,0 ,0.00 ,0.00 ,,,,0 ,0.00 ,0.00 ,,0.00 ,0.45 ,,,,,,,40,0,0 ,0.36 ,H-K-Segel,360 ,1 ,0.36 ,,,0 ,0.00 ,,,,0 ,0.00 ,,0.36 ,,,,,,,,,,,,,,,,,,,,,,,,,,,,,,,,,,,,,,,,,,,,,,,,,,,,,,,,,,,,,,,,,,,,,,,,,,,,,,,,,,,,,,,,,,,,,,,,,,,,,,,,,,,,,,,,,,,,,,,,,,,,,,,,,,,,,,,,,,,,,,,,,,,,,,,,,,,,,,,,,,,,,,,,,,,,,,
r000001867025_00,"3,250.000","17,030.000",,,,OG5_OKRFB,,,D5 21,Allg. & Gruppenleitung,2,Einzel-/Zweierbüros,18.000,54.350,0,,50,0,0,0,0,0.90,H-K-Segel,900,1,0.90 ,,,0 ,0.00 ,,,,0 ,0.00 ,,0.90,,,0 ,0.00,0.00 ,,,0 ,0.00 ,0.00 ,,,,0 ,0.00 ,0.00 ,,0.00 ,0.90 ,,,,,,,40,0,0 ,0.72 ,H-K-Segel,720 ,1 ,0.72 ,,,0 ,0.00 ,,,,0 ,0.00 ,,0.72 ,,,,,,,,,,,,,,,,,,,,,,,,,,,,,,,,,,,,,,,,,,,,,,,,,,,,,,,,,,,,,,,,,,,,,,,,,,,,,,,,,,,,,,,,,,,,,,,,,,,,,,,,,,,,,,,,,,,,,,,,,,,,,,,,,,,,,,,,,,,,,,,,,,,,,,,,,,,,,,,,,,,,,,,,,,,,,,
r000001867026_00,"3,250.000","12,630.000",,,,OG5_OKRFB,,,D5 23,Wiss. Mitarbeiter,2,Einzel-/Zweierbüros,9.000,26.550,0,,50,0,0,0,0,0.45,H-K-Segel,450,1,0.45 ,,,0 ,0.00 ,,,,0 ,0.00 ,,0.45,,,0 ,0.00,0.00 ,,,0 ,0.00 ,0.00 ,,,,0 ,0.00 ,0.00 ,,0.00 ,0.45 ,,,,,,,40,0,0 ,0.36 ,H-K-Segel,360 ,1 ,0.36 ,,,0 ,0.00 ,,,,0 ,0.00 ,,0.36 ,,,,,,,,,,,,,,,,,,,,,,,,,,,,,,,,,,,,,,,,,,,,,,,,,,,,,,,,,,,,,,,,,,,,,,,,,,,,,,,,,,,,,,,,,,,,,,,,,,,,,,,,,,,,,,,,,,,,,,,,,,,,,,,,,,,,,,,,,,,,,,,,,,,,,,,,,,,,,,,,,,,,,,,,,,,,,,
r000001867027_00,"3,250.000","12,530.000",,,,OG5_OKRFB,,,D5 24,Techniker,2,Einzel-/Zweierbüros,9.000,25.920,0,,50,0,0,0,0,0.45,H-K-Segel,450,1,0.45 ,,,0 ,0.00 ,,,,0 ,0.00 ,,0.45,,,0 ,0.00,0.00 ,,,0 ,0.00 ,0.00 ,,,,0 ,0.00 ,0.00 ,,0.00 ,0.45 ,,,,,,,40,0,0 ,0.36 ,H-K-Segel,360 ,1 ,0.36 ,,,0 ,0.00 ,,,,0 ,0.00 ,,0.36 ,,,,,,,,,,,,,,,,,,,,,,,,,,,,,,,,,,,,,,,,,,,,,,,,,,,,,,,,,,,,,,,,,,,,,,,,,,,,,,,,,,,,,,,,,,,,,,,,,,,,,,,,,,,,,,,,,,,,,,,,,,,,,,,,,,,,,,,,,,,,,,,,,,,,,,,,,,,,,,,,,,,,,,,,,,,,,,
r000001867016_00,"3,250.000","11,748.000",,,,OG5_OKRFB,,,D5 25,Installationsschacht,18,Schächte,8.000,23.240,0,,0,0,0,0,0,0.00,,,0,0.00 ,,,0 ,0.00 ,,,,0 ,0.00 ,,0.00,,,0 ,0.00,0.00 ,,,0 ,0.00 ,0.00 ,,,,0 ,0.00 ,0.00 ,,0.00 ,0.00 ,,,,,,,0,0,0 ,0.00 ,,,0 ,0.00 ,,,0 ,0.00 ,,,,0 ,0.00 ,,0.00 ,,,,,,,,,,,,,,,,,,,,,,,,,,,,,,,,,,,,,,,,,,,,,,,,,,,,,,,,,,,,,,,,,,,,,,,,,,,,,,,,,,,,,,,,,,,,,,,,,,,,,,,,,,,,,,,,,,,,,,,,,,,,,,,,,,,,,,,,,,,,,,,,,,,,,,,,,,,,,,,,,,,,,,,,,,,,,,
r000001867017_00,"3,250.000","11,748.000",,,,OG5_OKRFB,,,D5 26,Etagenverteiler,13,Etagenverteiler,8.000,23.240,0,,0,0,"3,500",0,0,3.50,ULK,"3,500",1,3.50 ,,,0 ,0.00 ,,,,0 ,0.00 ,,3.50,,,0 ,0.00,0.00 ,,,0 ,0.00 ,0.00 ,,,,0 ,0.00 ,0.00 ,,0.00 ,3.50 ,,,,,,,0,0,0 ,0.00 ,,,0 ,0.00 ,,,0 ,0.00 ,,,,0 ,0.00 ,,0.00 ,,,,,,,,,,,,,,,,,,,,,,,,,,,,,,,,,,,,,,,,,,,,,,,,,,,,,,,,,,,,,,,,,,,,,,,,,,,,,,,,,,,,,,,,,,,,,,,,,,,,,,,,,,,,,,,,,,,,,,,,,,,,,,,,,,,,,,,,,,,,,,,,,,,,,,,,,,,,,,,,,,,,,,,,,,,,,,
r000001867029_00,"3,250.000","62,790.000",,,,OG5_OKRFB,,,D5 27,Flur,6,"Verkehrsflächen, Flure",70.000,210.400,0,,0,0,0,0,0,0.00,,,0,0.00 ,,,0 ,0.00 ,,,,0 ,0.00 ,,0.00,,,0 ,0.00,0.00 ,,,0 ,0.00 ,0.00 ,,,,0 ,0.00 ,0.00 ,,0.00 ,0.00 ,,,,,,,0,0,0 ,0.00 ,,,0 ,0.00 ,,,0 ,0.00 ,,,,0 ,0.00 ,,0.00 ,,,,,,,,,,,,,,,,,,,,,,,,,,,,,,,,,,,,,,,,,,,,,,,,,,,,,,,,,,,,,,,,,,,,,,,,,,,,,,,,,,,,,,,,,,,,,,,,,,,,,,,,,,,,,,,,,,,,,,,,,,,,,,,,,,,,,,,,,,,,,,,,,,,,,,,,,,,,,,,,,,,,,,,,,,,,,,
r000001873040_00,"3,250.000","21,840.000",,,,OG5_OKRFB,,,DU5 14,Co-Working,1,Flex-/ Co-Work/,29.000,85.840,0,,50,0,0,0,0,1.45,H-K-Segel,"1,450",1,1.45 ,,,0 ,0.00 ,,,,0 ,0.00 ,,1.45,,,0 ,0.00,0.00 ,,,0 ,0.00 ,0.00 ,,,,0 ,0.00 ,0.00 ,,0.00 ,1.45 ,,,,,,,40,0,0 ,1.16 ,H-K-Segel,"1,160 ",1 ,1.16 ,,,0 ,0.00 ,,,,0 ,0.00 ,,1.16 ,,,,,,,,,,,,,,,,,,,,,,,,,,,,,,,,,,,,,,,,,,,,,,,,,,,,,,,,,,,,,,,,,,,,,,,,,,,,,,,,,,,,,,,,,,,,,,,,,,,,,,,,,,,,,,,,,,,,,,,,,,,,,,,,,,,,,,,,,,,,,,,,,,,,,,,,,,,,,,,,,,,,,,,,,,,,,,
r000001867010_00,"3,250.000","41,046.000",,,,OG5_OKRFB,,,Mo5 01,Flur,17,Treppenhäuser/Magistrale,57.000,172.370,0,,0,0,0,0,0,0.00,,,0,0.00 ,,,0 ,0.00 ,,,,0 ,0.00 ,,0.00,,,0 ,0.00,0.00 ,,,0 ,0.00 ,0.00 ,,,,0 ,0.00 ,0.00 ,,0.00 ,0.00 ,,,,,,,25,0,0 ,1.43 ,HK,"1,430 ",1 ,1.43 ,,,0 ,0.00 ,,,,0 ,0.00 ,,1.43 ,,,,,,,,,,,,,,,,,,,,,,,,,,,,,,,,,,,,,,,,,,,,,,,,,,,,,,,,,,,,,,,,,,,,,,,,,,,,,,,,,,,,,,,,,,,,,,,,,,,,,,,,,,,,,,,,,,,,,,,,,,,,,,,,,,,,,,,,,,,,,,,,,,,,,,,,,,,,,,,,,,,,,,,,,,,,,,
r000001867015_00,"3,250.000","12,355.000",,,,OG5_OKRFB,,,Mo5 02,Lager,11,Lager innenliegend,10.000,28.520,0,,0,0,0,0,0,0.00,,,0,0.00 ,,,0 ,0.00 ,,,,0 ,0.00 ,,0.00,,,0 ,0.00,0.00 ,,,0 ,0.00 ,0.00 ,,,,0 ,0.00 ,0.00 ,,0.00 ,0.00 ,,,,,,,0,0,0 ,0.00 ,,,0 ,0.00 ,,,0 ,0.00 ,,,,0 ,0.00 ,,0.00 ,,,,,,,,,,,,,,,,,,,,,,,,,,,,,,,,,,,,,,,,,,,,,,,,,,,,,,,,,,,,,,,,,,,,,,,,,,,,,,,,,,,,,,,,,,,,,,,,,,,,,,,,,,,,,,,,,,,,,,,,,,,,,,,,,,,,,,,,,,,,,,,,,,,,,,,,,,,,,,,,,,,,,,,,,,,,,,
r000001867012_00,"3,250.000","11,815.000",,,,OG5_OKRFB,,,Mo5 03,Aufzug,19,Aufzüge,9.000,26.170,0,,0,0,0,0,0,0.00,,,0,0.00 ,,,0 ,0.00 ,,,,0 ,0.00 ,,0.00,,,0 ,0.00,0.00 ,,,0 ,0.00 ,0.00 ,,,,0 ,0.00 ,0.00 ,,0.00 ,0.00 ,,,,,,,0,0,0 ,0.00 ,,,0 ,0.00 ,,,0 ,0.00 ,,,,0 ,0.00 ,,0.00 ,,,,,,,,,,,,,,,,,,,,,,,,,,,,,,,,,,,,,,,,,,,,,,,,,,,,,,,,,,,,,,,,,,,,,,,,,,,,,,,,,,,,,,,,,,,,,,,,,,,,,,,,,,,,,,,,,,,,,,,,,,,,,,,,,,,,,,,,,,,,,,,,,,,,,,,,,,,,,,,,,,,,,,,,,,,,,,
r000001867014_00,"3,250.000","7,328.000",,,,OG5_OKRFB,,,Mo5 04,WC Frauen,8,WCs,3.000,10.050,0,,0,0,0,0,0,0.00,,,0,0.00 ,,,0 ,0.00 ,,,,0 ,0.00 ,,0.00,,,0 ,0.00,0.00 ,,,0 ,0.00 ,0.00 ,,,,0 ,0.00 ,0.00 ,,0.00 ,0.00 ,,,,,,,30,0,0 ,0.09 ,,,0 ,0.00 ,,,0 ,0.00 ,,,,0 ,0.00 ,,0.00 ,,,,,,,,,,,,,,,,,,,,,,,,,,,,,,,,,,,,,,,,,,,,,,,,,,,,,,,,,,,,,,,,,,,,,,,,,,,,,,,,,,,,,,,,,,,,,,,,,,,,,,,,,,,,,,,,,,,,,,,,,,,,,,,,,,,,,,,,,,,,,,,,,,,,,,,,,,,,,,,,,,,,,,,,,,,,,,
r000001867013_00,"3,250.000","5,317.000",,,,OG5_OKRFB,,,Mo5 05,Putzraum,10,Putzmittel/ Lager,2.000,4.750,0,,0,0,0,0,0,0.00,,,0,0.00 ,,,0 ,0.00 ,,,,0 ,0.00 ,,0.00,,,0 ,0.00,0.00 ,,,0 ,0.00 ,0.00 ,,,,0 ,0.00 ,0.00 ,,0.00 ,0.00 ,,,,,,,15,0,0 ,0.03 ,,,,0.00 ,,,0 ,0.00 ,,,,0 ,0.00 ,,0.00 ,,,,,,,,,,,,,,,,,,,,,,,,,,,,,,,,,,,,,,,,,,,,,,,,,,,,,,,,,,,,,,,,,,,,,,,,,,,,,,,,,,,,,,,,,,,,,,,,,,,,,,,,,,,,,,,,,,,,,,,,,,,,,,,,,,,,,,,,,,,,,,,,,,,,,,,,,,,,,,,,,,,,,,,,,,,,,,
r000001867019_00,"3,250.000","5,533.000",,,,OG5_OKRFB,,,Mo5 06,WC Herren,8,WCs,2.000,5.300,0,,0,0,0,0,0,0.00,,,0,0.00 ,,,0 ,0.00 ,,,,0 ,0.00 ,,0.00,,,0 ,0.00,0.00 ,,,0 ,0.00 ,0.00 ,,,,0 ,0.00 ,0.00 ,,0.00 ,0.00 ,,,,,,,30,0,0 ,0.06 ,HK,,,0.00 ,,,0 ,0.00 ,,,,0 ,0.00 ,,0.00 ,,,,,,,,,,,,,,,,,,,,,,,,,,,,,,,,,,,,,,,,,,,,,,,,,,,,,,,,,,,,,,,,,,,,,,,,,,,,,,,,,,,,,,,,,,,,,,,,,,,,,,,,,,,,,,,,,,,,,,,,,,,,,,,,,,,,,,,,,,,,,,,,,,,,,,,,,,,,,,,,,,,,,,,,,,,,,,
r000001867018_00,"3,250.000","7,148.000",,,,OG5_OKRFB,,,Mo5 06.1,WC Herren,8,WCs,3.000,9.580,0,,0,0,0,0,0,0.00,,,0,0.00 ,,,0 ,0.00 ,,,,0 ,0.00 ,,0.00,,,0 ,0.00,0.00 ,,,0 ,0.00 ,0.00 ,,,,0 ,0.00 ,0.00 ,,0.00 ,0.00 ,,,,,,,30,0,0 ,0.09 ,HK,150 ,1 ,0.15 ,,,0 ,0.00 ,,,,0 ,0.00 ,,0.15 ,,,,,,,,,,,,,,,,,,,,,,,,,,,,,,,,,,,,,,,,,,,,,,,,,,,,,,,,,,,,,,,,,,,,,,,,,,,,,,,,,,,,,,,,,,,,,,,,,,,,,,,,,,,,,,,,,,,,,,,,,,,,,,,,,,,,,,,,,,,,,,,,,,,,,,,,,,,,,,,,,,,,,,,,,,,,,,
r000001867020_00,"3,250.000","34,382.000",,,,OG5_OKRFB,,,Mw5 01/02,Treppe/Flur,17,Treppenhäuser/Magistrale,41.000,122.950,0,,0,0,0,0,0,0.00,,,0,0.00 ,,,0 ,0.00 ,,,,0 ,0.00 ,,0.00,,,0 ,0.00,0.00 ,,,0 ,0.00 ,0.00 ,,,,0 ,0.00 ,0.00 ,,0.00 ,0.00 ,,,,,,,25,0,0 ,1.03 ,HK,"1,030 ",1 ,1.03 ,,,0 ,0.00 ,,,,0 ,0.00 ,,1.03 ,,,,,,,,,,,,,,,,,,,,,,,,,,,,,,,,,,,,,,,,,,,,,,,,,,,,,,,,,,,,,,,,,,,,,,,,,,,,,,,,,,,,,,,,,,,,,,,,,,,,,,,,,,,,,,,,,,,,,,,,,,,,,,,,,,,,,,,,,,,,,,,,,,,,,,,,,,,,,,,,,,,,,,,,,,,,,,
r000001867011_00,"3,250.000","7,050.000",,,,OG5_OKRFB,,,Mw5 03,Installationsschacht,18,Schächte,3.000,9.260,0,,0,0,0,0,0,0.00,,,0,0.00 ,,,0 ,0.00 ,,,,0 ,0.00 ,,0.00,,,0 ,0.00,0.00 ,,,0 ,0.00 ,0.00 ,,,,0 ,0.00 ,0.00 ,,0.00 ,0.00 ,,,,,,,0,0,0 ,0.00 ,,,0 ,0.00 ,,,0 ,0.00 ,,,,0 ,0.00 ,,0.00 ,,,,,,,,,,,,,,,,,,,,,,,,,,,,,,,,,,,,,,,,,,,,,,,,,,,,,,,,,,,,,,,,,,,,,,,,,,,,,,,,,,,,,,,,,,,,,,,,,,,,,,,,,,,,,,,,,,,,,,,,,,,,,,,,,,,,,,,,,,,,,,,,,,,,,,,,,,,,,,,,,,,,,,,,,,,,,,
r000001867028_00,"3,250.000","6,840.000",,,,OG5_OKRFB,,,Mw5 04,ELT,14,ELT-Schacht,3.000,8.750,0,,0,0,0,0,0,0.00,,,0,0.00 ,,,0 ,0.00 ,,,,0 ,0.00 ,,0.00,,,0 ,0.00,0.00 ,,,0 ,0.00 ,0.00 ,,,,0 ,0.00 ,0.00 ,,0.00 ,0.00 ,,,,,,,0,0,0 ,0.00 ,,,,0.00 ,,,0 ,0.00 ,,,,0 ,0.00 ,,0.00 ,,,,,,,,,,,,,,,,,,,,,,,,,,,,,,,,,,,,,,,,,,,,,,,,,,,,,,,,,,,,,,,,,,,,,,,,,,,,,,,,,,,,,,,,,,,,,,,,,,,,,,,,,,,,,,,,,,,,,,,,,,,,,,,,,,,,,,,,,,,,,,,,,,,,,,,,,,,,,,,,,,,,,,,,,,,,,,
r000001866685_00,"3,930.000","15,875.000",,,,U1_OKRFB,,,01,Einbringöffnung,18,Schächte,15.000,57.770,0,,0,0,0,0,0,0.00,,,0,0.00 ,,,0 ,0.00 ,,,,0 ,0.00 ,,0.00,,,0 ,0.00,0.00 ,,,0 ,0.00 ,0.00 ,,,,0 ,0.00 ,0.00 ,,0.00 ,0.00 ,,,,,,,0,0,0 ,0.00 ,,,0 ,0.00 ,,,0 ,0.00 ,,,,0 ,0.00 ,,0.00 ,,,,,,,,,,,,,,,,,,,,,,,,,,,,,,,,,,,,,,,,,,,,,,,,,,,,,,,,,,,,,,,,,,,,,,,,,,,,,,,,,,,,,,,,,,,,,,,,,,,,,,,,,,,,,,,,,,,,,,,,,,,,,,,,,,,,,,,,,,,,,,,,,,,,,,,,,,,,,,,,,,,,,,,,,,,,,,
r000001866684_00,"3,930.000","39,245.000",,,,U1_OKRFB,,,DMoU 01,Flur,17,Treppenhäuser/Magistrale,51.000,188.880,0,,0,0,0,0,0,0.00,,,0,0.00 ,,,0 ,0.00 ,,,,0 ,0.00 ,,0.00,,,0 ,0.00,0.00 ,,,0 ,0.00 ,0.00 ,,,,0 ,0.00 ,0.00 ,,0.00 ,0.00 ,,,,,,,25,0,0 ,1.28 ,HK,"1,280 ",1 ,1.28 ,,,0 ,0.00 ,,,,0 ,0.00 ,,1.28 ,,,,,,,,,,,,,,,,,,,,,,,,,,,,,,,,,,,,,,,,,,,,,,,,,,,,,,,,,,,,,,,,,,,,,,,,,,,,,,,,,,,,,,,,,,,,,,,,,,,,,,,,,,,,,,,,,,,,,,,,,,,,,,,,,,,,,,,,,,,,,,,,,,,,,,,,,,,,,,,,,,,,,,,,,,,,,,
r000001866672_00,"3,930.000","12,255.000",,,,U1_OKRFB,,,DMoU 02,Lager,11,Lager innenliegend,9.000,34.450,0,,0,0,0,0,0,0.00,,,0,0.00 ,,,0 ,0.00 ,,,,0 ,0.00 ,,0.00,,,0 ,0.00,0.00 ,,,0 ,0.00 ,0.00 ,,,,0 ,0.00 ,0.00 ,,0.00 ,0.00 ,,,,,,,0,0,0 ,0.00 ,,,0 ,0.00 ,,,0 ,0.00 ,,,,0 ,0.00 ,,0.00 ,,,,,,,,,,,,,,,,,,,,,,,,,,,,,,,,,,,,,,,,,,,,,,,,,,,,,,,,,,,,,,,,,,,,,,,,,,,,,,,,,,,,,,,,,,,,,,,,,,,,,,,,,,,,,,,,,,,,,,,,,,,,,,,,,,,,,,,,,,,,,,,,,,,,,,,,,,,,,,,,,,,,,,,,,,,,,,
r000001866671_00,"3,930.000","11,815.000",,,,U1_OKRFB,,,DMoU 03,Aufzug,19,Aufzüge,9.000,32.100,0,,0,0,0,0,0,0.00,,,0,0.00 ,,,0 ,0.00 ,,,,0 ,0.00 ,,0.00,,,0 ,0.00,0.00 ,,,0 ,0.00 ,0.00 ,,,,0 ,0.00 ,0.00 ,,0.00 ,0.00 ,,,,,,,0,0,0 ,0.00 ,,,0 ,0.00 ,,,0 ,0.00 ,,,,0 ,0.00 ,,0.00 ,,,,,,,,,,,,,,,,,,,,,,,,,,,,,,,,,,,,,,,,,,,,,,,,,,,,,,,,,,,,,,,,,,,,,,,,,,,,,,,,,,,,,,,,,,,,,,,,,,,,,,,,,,,,,,,,,,,,,,,,,,,,,,,,,,,,,,,,,,,,,,,,,,,,,,,,,,,,,,,,,,,,,,,,,,,,,,
r000001866682_00,"3,930.000","17,945.000",,,,U1_OKRFB,,,DMoU 04,Datenraum Allgemein,9,ELT-Zentrale,20.000,72.410,0,,0,0,"5,000",0,0,5.00,ULK,"5,000",1,5.00 ,,,0 ,0.00 ,,,,0 ,0.00 ,,5.00,,,0 ,0.00,0.00 ,,,0 ,0.00 ,0.00 ,,,,0 ,0.00 ,0.00 ,,0.00 ,5.00 ,,,,,,,0,0,0 ,0.00 ,,,0 ,0.00 ,,,0 ,0.00 ,,,,0 ,0.00 ,,0.00 ,,,,,,,,,,,,,,,,,,,,,,,,,,,,,,,,,,,,,,,,,,,,,,,,,,,,,,,,,,,,,,,,,,,,,,,,,,,,,,,,,,,,,,,,,,,,,,,,,,,,,,,,,,,,,,,,,,,,,,,,,,,,,,,,,,,,,,,,,,,,,,,,,,,,,,,,,,,,,,,,,,,,,,,,,,,,,,
r000001866674_00,"3,930.000","19,871.000",,,,U1_OKRFB,,,DMwU 01,Treppe,17,Treppenhäuser/Magistrale,22.000,81.660,0,,0,0,0,0,0,0.00,,,0,0.00 ,,,0 ,0.00 ,,,,0 ,0.00 ,,0.00,,,0 ,0.00,0.00 ,,,0 ,0.00 ,0.00 ,,,,0 ,0.00 ,0.00 ,,0.00 ,0.00 ,,,,,,,25,0,0 ,0.55 ,HK,550 ,1 ,0.55 ,,,0 ,0.00 ,,,,0 ,0.00 ,,0.55 ,,,,,,,,,,,,,,,,,,,,,,,,,,,,,,,,,,,,,,,,,,,,,,,,,,,,,,,,,,,,,,,,,,,,,,,,,,,,,,,,,,,,,,,,,,,,,,,,,,,,,,,,,,,,,,,,,,,,,,,,,,,,,,,,,,,,,,,,,,,,,,,,,,,,,,,,,,,,,,,,,,,,,,,,,,,,,,
r000001866675_00,"3,930.000","14,461.000",,,,U1_OKRFB,,,DMwU 03,SAN Zentrale,12,TGA-Zentrale,13.000,47.950,0,,0,0,0,0,0,0.00,,,0,0.00 ,,,0 ,0.00 ,,,,0 ,0.00 ,,0.00,,,0 ,0.00,0.00 ,,,0 ,0.00 ,0.00 ,,,,0 ,0.00 ,0.00 ,,0.00 ,0.00 ,,,,,,,0,0,0 ,0.00 ,,,0 ,0.00 ,,,0 ,0.00 ,,,,0 ,0.00 ,,0.00 ,,,,,,,,,,,,,,,,,,,,,,,,,,,,,,,,,,,,,,,,,,,,,,,,,,,,,,,,,,,,,,,,,,,,,,,,,,,,,,,,,,,,,,,,,,,,,,,,,,,,,,,,,,,,,,,,,,,,,,,,,,,,,,,,,,,,,,,,,,,,,,,,,,,,,,,,,,,,,,,,,,,,,,,,,,,,,,
r000001866686_00,"4,430.000","57,665.000",,,,U1_OKRFB,,,DU 01,RLHK Zentrale,12,TGA-Zentrale,146.000,609.740,0,,0,0,0,0,0,0.00,,,0,0.00 ,,,0 ,0.00 ,,,,0 ,0.00 ,,0.00,,,0 ,0.00,0.00 ,,,0 ,0.00 ,0.00 ,,,,0 ,0.00 ,0.00 ,,0.00 ,0.00 ,,,,,,,0,0,0 ,0.00 ,,,0 ,0.00 ,,,0 ,0.00 ,,,,0 ,0.00 ,,0.00 ,,,,,,,,,,,,,,,,,,,,,,,,,,,,,,,,,,,,,,,,,,,,,,,,,,,,,,,,,,,,,,,,,,,,,,,,,,,,,,,,,,,,,,,,,,,,,,,,,,,,,,,,,,,,,,,,,,,,,,,,,,,,,,,,,,,,,,,,,,,,,,,,,,,,,,,,,,,,,,,,,,,,,,,,,,,,,,
r000001866673_00,"3,930.000","26,115.000",,,,U1_OKRFB,,,DU 11,Lager,11,Lager innenliegend,43.000,156.860,0,,0,0,0,0,0,0.00,,,0,0.00 ,,,0 ,0.00 ,,,,0 ,0.00 ,,0.00,,,0 ,0.00,0.00 ,,,0 ,0.00 ,0.00 ,,,,0 ,0.00 ,0.00 ,,0.00 ,0.00 ,,,,,,,0,0,0 ,0.00 ,,,0 ,0.00 ,,,0 ,0.00 ,,,,0 ,0.00 ,,0.00 ,,,,,,,,,,,,,,,,,,,,,,,,,,,,,,,,,,,,,,,,,,,,,,,,,,,,,,,,,,,,,,,,,,,,,,,,,,,,,,,,,,,,,,,,,,,,,,,,,,,,,,,,,,,,,,,,,,,,,,,,,,,,,,,,,,,,,,,,,,,,,,,,,,,,,,,,,,,,,,,,,,,,,,,,,,,,,,
r000001866676_00,"3,930.000","29,705.000",,,,U1_OKRFB,,,DU 14,Lager,11,Lager innenliegend,42.000,154.960,0,,0,0,0,0,0,0.00,,,0,0.00 ,,,0 ,0.00 ,,,,0 ,0.00 ,,0.00,,,0 ,0.00,0.00 ,,,0 ,0.00 ,0.00 ,,,,0 ,0.00 ,0.00 ,,0.00 ,0.00 ,,,,,,,0,0,0 ,0.00 ,,,0 ,0.00 ,,,0 ,0.00 ,,,,0 ,0.00 ,,0.00 ,,,,,,,,,,,,,,,,,,,,,,,,,,,,,,,,,,,,,,,,,,,,,,,,,,,,,,,,,,,,,,,,,,,,,,,,,,,,,,,,,,,,,,,,,,,,,,,,,,,,,,,,,,,,,,,,,,,,,,,,,,,,,,,,,,,,,,,,,,,,,,,,,,,,,,,,,,,,,,,,,,,,,,,,,,,,,,
r000001866677_00,"3,930.000","12,630.000",,,,U1_OKRFB,,,DU 19,BOS Funk / BMZ,9,ELT-Zentrale,10.000,35.100,0,,0,0,0,0,0,0.00,,,0,0.00 ,,,0 ,0.00 ,,,,0 ,0.00 ,,0.00,,,0 ,0.00,0.00 ,,,0 ,0.00 ,0.00 ,,,,0 ,0.00 ,0.00 ,,0.00 ,0.00 ,,,,,,,0,0,0 ,0.00 ,,,0 ,0.00 ,,,0 ,0.00 ,,,,0 ,0.00 ,,0.00 ,,,,,,,,,,,,,,,,,,,,,,,,,,,,,,,,,,,,,,,,,,,,,,,,,,,,,,,,,,,,,,,,,,,,,,,,,,,,,,,,,,,,,,,,,,,,,,,,,,,,,,,,,,,,,,,,,,,,,,,,,,,,,,,,,,,,,,,,,,,,,,,,,,,,,,,,,,,,,,,,,,,,,,,,,,,,,,
r000001866678_00,"3,930.000","16,155.000",,,,U1_OKRFB,,,DU 20,NSHV Raum AV Netz,9,ELT-Zentrale,16.000,59.840,0,,0,0,0,0,0,0.00,,,,0.00 ,,,0 ,0.00 ,,,,0 ,0.00 ,,0.00,,,0 ,0.00,0.00 ,,,0 ,0.00 ,0.00 ,,,,0 ,0.00 ,0.00 ,,0.00 ,0.00 ,,,,,,,0,0,0 ,0.00 ,,,0 ,0.00 ,,,0 ,0.00 ,,,,0 ,0.00 ,,0.00 ,,,,,,,,,,,,,,,,,,,,,,,,,,,,,,,,,,,,,,,,,,,,,,,,,,,,,,,,,,,,,,,,,,,,,,,,,,,,,,,,,,,,,,,,,,,,,,,,,,,,,,,,,,,,,,,,,,,,,,,,,,,,,,,,,,,,,,,,,,,,,,,,,,,,,,,,,,,,,,,,,,,,,,,,,,,,,,
r000001866679_00,"3,930.000","13,230.000",,,,U1_OKRFB,,,DU 22,Batterieraum,9,ELT-Zentrale,11.000,39.310,0,,0,0,0,0,0,0.00,,,,0.00 ,,,0 ,0.00 ,,,,0 ,0.00 ,,0.00,,,0 ,0.00,0.00 ,,,0 ,0.00 ,0.00 ,,,,0 ,0.00 ,0.00 ,,0.00 ,0.00 ,,,,,,,0,0,0 ,0.00 ,,,0 ,0.00 ,,,0 ,0.00 ,,,,0 ,0.00 ,,0.00 ,,,,,,,,,,,,,,,,,,,,,,,,,,,,,,,,,,,,,,,,,,,,,,,,,,,,,,,,,,,,,,,,,,,,,,,,,,,,,,,,,,,,,,,,,,,,,,,,,,,,,,,,,,,,,,,,,,,,,,,,,,,,,,,,,,,,,,,,,,,,,,,,,,,,,,,,,,,,,,,,,,,,,,,,,,,,,,
r000001866680_00,"3,930.000","14,030.000",,,,U1_OKRFB,,,DU 23,USV Raum,9,ELT-Zentrale,12.000,44.930,0,,0,0,"6,000",0,0,6.00,ULK,"6,000",1,6.00 ,,,0 ,0.00 ,,,,0 ,0.00 ,,6.00,,,0 ,0.00,0.00 ,,,0 ,0.00 ,0.00 ,,,,0 ,0.00 ,0.00 ,,0.00 ,6.00 ,,,,,,,0,0,0 ,0.00 ,,,0 ,0.00 ,,,0 ,0.00 ,,,,0 ,0.00 ,,0.00 ,,,,,,,,,,,,,,,,,,,,,,,,,,,,,,,,,,,,,,,,,,,,,,,,,,,,,,,,,,,,,,,,,,,,,,,,,,,,,,,,,,,,,,,,,,,,,,,,,,,,,,,,,,,,,,,,,,,,,,,,,,,,,,,,,,,,,,,,,,,,,,,,,,,,,,,,,,,,,,,,,,,,,,,,,,,,,,
r000001866681_00,"3,930.000","11,630.000",,,,U1_OKRFB,,,DU 25,Fortluft,18,Schächte,8.000,28.080,0,,0,0,0,0,0,0.00,,,0,0.00 ,,,0 ,0.00 ,,,,0 ,0.00 ,,0.00,,,0 ,0.00,0.00 ,,,0 ,0.00 ,0.00 ,,,,0 ,0.00 ,0.00 ,,0.00 ,0.00 ,,,,,,,0,0,0 ,0.00 ,,,0 ,0.00 ,,,0 ,0.00 ,,,,0 ,0.00 ,,0.00 ,,,,,,,,,,,,,,,,,,,,,,,,,,,,,,,,,,,,,,,,,,,,,,,,,,,,,,,,,,,,,,,,,,,,,,,,,,,,,,,,,,,,,,,,,,,,,,,,,,,,,,,,,,,,,,,,,,,,,,,,,,,,,,,,,,,,,,,,,,,,,,,,,,,,,,,,,,,,,,,,,,,,,,,,,,,,,,
r000001866683_00,"3,930.000","69,981.000",,,,U1_OKRFB,,,DU 27,Flur,6,"Verkehrsflächen, Flure",76.000,279.490,0,,0,0,0,0,0,0.00,,,0,0.00 ,,,0 ,0.00 ,,,,0 ,0.00 ,,0.00,,,0 ,0.00,0.00 ,,,0 ,0.00 ,0.00 ,,,,0 ,0.00 ,0.00 ,,0.00 ,0.00 ,,,,,,,0,0,0 ,0.00 ,,,0 ,0.00 ,,,0 ,0.00 ,,,,0 ,0.00 ,,0.00 ,,,,,,,,,,,,,,,,,,,,,,,,,,,,,,,,,,,,,,,,,,,,,,,,,,,,,,,,,,,,,,,,,,,,,,,,,,,,,,,,,,,,,,,,,,,,,,,,,,,,,,,,,,,,,,,,,,,,,,,,,,,,,,,,,,,,,,,,,,,,,,,,,,,,,,,,,,,,,,,,,,,,,,,,,,,,,,
xxx,,,,,,,,,,,,,,,,,,,,,,,,,,,,,,,,,,,,,,,,,,,,,,,,,,,,,,,,,,,,,,,,,,,,,,,,,,,,,,,,,,,,,,,,,,,,,,,,,,,,,,,,,,,,,,,,,,,,,,,,,,,,,,,,,,,,,,,,,,,,,,,,,,,,,,,,,,,,,,,,,,,,,,,,,,,,,,,,,,,,,,,,,,,,,,,,,,,,,,,,,,,,,,,,,,,,,,,,,,,,,,,,,,,,,,,,,,,,,,,,,,,,,,,,,,,,,,,
xxx4.1,,,,,,,,,,,,,,,,,,,,,,,,,,,,,,,,,,,,,,,,,,,,,,,,,,,,,,,,,,,,,,,,,,,,,,,,,,,,,,,,,,,,,,,,,,,,,,,,,,,,,,,,,,,,,,,,,,,,,,,,,,,,,,,,,,,,,,,,,,,,,,,,,,,,,,,,,,,,,,,,,,,,,,,,,,,,,,,,,,,,,,,,,,,,,,,,,,,,,,,,,,,,,,,,,,,,,,,,,,,,,,,,,,,,,,,,,,,,,,,,,,,,,,,,,,,,,,,
